CUSTOMER_ID-1,Month,Customer Cohort Month,Grand Total
A00000340,7/31/2022,6/30/2020,1415000
A00000261,11/30/2022,8/31/2019,789000
A00000303,6/30/2022,3/31/2020,444000
A00001645,3/31/2023,10/31/2022,89000
A00000421,6/30/2021,5/31/2021,171000
A00000397,7/31/2021,2/28/2021,73000
A00001505,3/31/2022,2/28/2022,831000
A00000340,8/31/2022,6/30/2020,1580000
A00001550,3/31/2023,5/31/2022,69000
A00001456,11/30/2022,11/30/2021,3036000
A00000219,6/30/2022,1/31/2019,316000
A00000378,11/30/2022,12/31/2020,6000
A00000196,6/30/2022,3/31/2019,558000
A00001522,2/28/2023,3/31/2022,86000
A00001557,2/28/2023,7/31/2022,2000
A00000155,12/31/2022,1/31/2018,8176000
A00000406,9/30/2021,3/31/2021,148000
A00000261,4/30/2021,8/31/2019,382000
A00000109,3/31/2023,1/31/2018,29000
A00000150,8/31/2022,7/31/2018,1404000
A00001410,10/31/2021,7/31/2021,41000
A00001478,1/31/2023,1/31/2022,51000
A00001400,5/31/2022,6/30/2021,320000
A00001406,9/30/2021,8/31/2021,175000
A00000194,11/30/2022,3/31/2019,2000
A00001591,10/31/2022,7/31/2022,172000
A00001465,8/31/2022,1/31/2022,20000
A00000326,12/31/2021,4/30/2020,12000
A00000323,6/30/2021,12/31/2020,1000
A00001496,2/28/2023,2/28/2022,20000
A00000346,4/30/2022,7/31/2020,53000
A00000377,2/28/2022,1/31/2021,3000
A00000377,4/30/2021,1/31/2021,2000
A00000400,1/31/2023,3/31/2021,3203000
A00000191,1/31/2022,12/31/2018,218000
A00000039,9/30/2022,1/31/2018,5139000
A00000406,4/30/2022,3/31/2021,59000
A00001394,9/30/2022,5/31/2021,1051000
A00001498,2/28/2023,2/28/2022,212000
A00001547,11/30/2022,6/30/2022,2000
A00001445,3/31/2022,10/31/2021,3740000
A00000302,3/31/2022,2/29/2020,450000
A00001550,8/31/2022,5/31/2022,47000
A00001406,4/30/2022,8/31/2021,792000
A00000372,6/30/2021,12/31/2020,3179000
A00000337,10/31/2022,6/30/2020,17000
A00001410,11/30/2021,7/31/2021,40000
A00000412,5/31/2023,6/30/2021,30000
A00000423,7/31/2022,5/31/2021,155000
A00000337,12/31/2022,6/30/2020,24000
A00000339,11/30/2022,6/30/2020,138000
A00002404,4/30/2023,3/31/2023,14000
A00001564,11/30/2022,7/31/2022,2000
A00000302,4/30/2021,2/29/2020,214000
A00000379,4/30/2022,1/31/2021,52000
A00000390,5/31/2023,2/28/2021,12000
A00000400,8/31/2021,3/31/2021,3124000
A00000148,5/31/2022,7/31/2018,23304000
A00000350,11/30/2022,7/31/2020,44000
A00001576,10/31/2022,6/30/2022,11000
A00000316,6/30/2022,4/30/2020,128581000
A00000302,4/30/2022,2/29/2020,423000
A00000215,5/31/2023,2/28/2019,3212000
A00000083,2/28/2023,3/31/2018,6000
A00000302,5/31/2022,2/29/2020,425000
A00000006,1/31/2022,1/31/2018,439000
A00000251,4/30/2022,7/31/2019,975000
A00000162,6/30/2021,9/30/2018,127000
A00000274,11/30/2022,10/31/2019,2452000
A00001454,10/31/2022,11/30/2021,1000
A00001608,9/30/2022,8/31/2022,275000
A00000003,11/30/2022,1/31/2018,2017000
A00000183,3/31/2022,12/31/2018,6163000
A00000216,2/28/2022,10/31/2018,1359000
A00000355,8/31/2021,9/30/2020,199000
A00001437,11/30/2022,10/31/2021,11000
A00000261,10/31/2022,8/31/2019,838000
A00001401,7/31/2022,5/31/2021,953000
A00000274,12/31/2022,10/31/2019,2403000
A00000377,3/31/2023,1/31/2021,2000
A00000346,10/31/2022,7/31/2020,83000
A00001465,9/30/2022,1/31/2022,97000
A00000340,3/31/2022,6/30/2020,1819000
A00000339,8/31/2022,6/30/2020,205000
A00000397,2/28/2022,2/28/2021,152000
A00000206,7/31/2022,6/30/2018,2226000
A00001397,6/30/2021,5/31/2021,4000
A00000390,8/31/2021,2/28/2021,28000
A00000206,5/31/2022,6/30/2018,2000000
A00001494,4/30/2022,4/30/2022,55000
A00000381,7/31/2022,1/31/2021,2482000
A00000216,12/31/2021,10/31/2018,1621000
A00000216,7/31/2021,10/31/2018,996000
A00001408,3/31/2022,7/31/2021,91000
A00000377,9/30/2022,1/31/2021,3000
A00000302,8/31/2022,2/29/2020,489000
A00000416,8/31/2022,4/30/2021,329000
A00001719,3/31/2023,2/28/2023,560000
A00000256,12/31/2021,8/31/2019,11000
A00000206,1/31/2023,6/30/2018,3463000
A00001456,4/30/2022,11/30/2021,6316000
A00001401,4/30/2023,5/31/2021,753000
A00000230,11/30/2022,1/31/2018,6485000
A00001576,3/31/2023,6/30/2022,16000
A00000302,12/31/2022,2/29/2020,1737000
A00000005,4/30/2023,1/31/2018,1370000
A00001576,11/30/2022,6/30/2022,10000
A00000006,1/31/2023,1/31/2018,428000
A00000350,7/31/2022,7/31/2020,40000
A00000423,9/30/2021,5/31/2021,240000
A00000339,4/30/2022,6/30/2020,64000
A00000039,1/31/2022,1/31/2018,3870000
A00001408,10/31/2021,7/31/2021,12000
A00001397,1/31/2023,5/31/2021,2000
A00000397,4/30/2022,2/28/2021,104000
A00001422,1/31/2022,8/31/2021,13000
A00001470,3/31/2022,1/31/2022,1317000
A00001496,12/31/2022,2/28/2022,11000
A00001465,10/31/2022,1/31/2022,126000
A00001585,4/30/2023,12/31/2022,73000
A00000400,4/30/2021,3/31/2021,76000
A00000405,5/31/2022,3/31/2021,75000
A00001420,10/31/2021,8/31/2021,1000
A00001456,10/31/2022,11/30/2021,3910000
A00001420,5/31/2022,8/31/2021,289000
A00000031,7/31/2021,1/31/2018,6000
A00000337,9/30/2022,6/30/2020,28000
A00000148,7/31/2021,7/31/2018,9015000
A00000003,5/31/2022,1/31/2018,1325000
A00000397,3/31/2022,2/28/2021,120000
A00001592,2/28/2023,7/31/2022,11000
A00000390,11/30/2022,2/28/2021,7000
A00001494,10/31/2022,4/30/2022,13000
A00001422,2/28/2023,8/31/2021,15000
A00001425,11/30/2022,8/31/2021,27000
A00000285,3/31/2023,11/30/2019,284000
A00000183,9/30/2021,12/31/2018,5119000
A00000006,3/31/2022,1/31/2018,629000
A00000326,10/31/2021,4/30/2020,1000
A00000305,5/31/2022,7/31/2020,412000
A00000354,7/31/2022,9/30/2020,359000
A00000350,3/31/2022,7/31/2020,118000
A00001550,5/31/2023,5/31/2022,52000
A00000390,2/28/2022,2/28/2021,22000
A00000003,4/30/2023,1/31/2018,898000
A00000374,3/31/2022,11/30/2020,358000
A00000407,7/31/2021,3/31/2021,14000
A00000303,8/31/2021,3/31/2020,1069000
A00000413,6/30/2021,4/30/2021,12000
A00001426,12/31/2021,8/31/2021,1000
A00000316,4/30/2021,4/30/2020,341878000
A00000005,1/31/2023,1/31/2018,14887000
A00000155,10/31/2022,1/31/2018,6425000
A00001648,2/28/2023,10/31/2022,523000
A00001401,4/30/2022,5/31/2021,569000
A00000244,1/31/2023,4/30/2019,1158000
A00000261,9/30/2022,8/31/2019,524000
A00001401,12/31/2022,5/31/2021,1584000
A00000381,9/30/2021,1/31/2021,8000
A00000390,6/30/2021,2/28/2021,4000
A00000382,4/30/2022,1/31/2021,283000
A00000400,6/30/2021,3/31/2021,3740000
A00001657,5/31/2023,11/30/2022,135000
A00000355,4/30/2022,9/30/2020,3112000
A00000150,5/31/2022,7/31/2018,979000
A00000333,10/31/2021,4/30/2020,33000
A00000381,11/30/2022,1/31/2021,1100000
A00000412,7/31/2022,6/30/2021,127000
A00000180,7/31/2021,11/30/2018,1349000
A00000326,6/30/2022,4/30/2020,21000
A00001445,2/28/2022,10/31/2021,10011000
A00000303,7/31/2021,3/31/2020,1041000
A00001496,8/31/2022,2/28/2022,34000
A00000387,5/31/2022,2/28/2021,1365000
A00000216,10/31/2021,10/31/2018,1257000
A00000251,11/30/2022,7/31/2019,1194000
A00000251,8/31/2021,7/31/2019,491000
A00000423,2/28/2022,5/31/2021,587000
A00000172,7/31/2021,8/31/2018,77000
A00000039,12/31/2021,1/31/2018,3581000
A00001505,11/30/2022,2/28/2022,222000
A00001420,4/30/2022,8/31/2021,291000
A00000217,9/30/2022,4/30/2019,1342000
A00000382,10/31/2021,1/31/2021,322000
A00000316,8/31/2022,4/30/2020,167340000
A00001406,3/31/2022,8/31/2021,581000
A00000406,12/31/2021,3/31/2021,156000
A00000154,3/31/2023,8/31/2018,268000
A00001454,3/31/2022,11/30/2021,18000
A00000379,2/28/2022,1/31/2021,49000
A00000216,9/30/2021,10/31/2018,1020000
A00000261,3/31/2022,8/31/2019,392000
A00001421,10/31/2022,8/31/2021,512000
A00001550,11/30/2022,5/31/2022,43000
A00000305,12/31/2022,7/31/2020,168000
A00001573,5/31/2023,6/30/2022,29000
A00000378,9/30/2022,12/31/2020,37000
A00000219,2/28/2022,1/31/2019,7000
A00000162,11/30/2021,9/30/2018,148000
A00000261,1/31/2023,8/31/2019,288000
A00000341,5/31/2022,10/31/2020,29665000
A00000346,6/30/2021,7/31/2020,95000
A00000206,4/30/2023,6/30/2018,849000
A00000355,6/30/2022,9/30/2020,4325000
A00001557,7/31/2022,7/31/2022,1000
A00000183,3/31/2021,12/31/2018,2758000
A00000148,3/31/2022,7/31/2018,18822000
A00001406,12/31/2022,8/31/2021,1048000
A00001422,6/30/2022,8/31/2021,15000
A00000355,4/30/2021,9/30/2020,134000
A00000303,2/28/2023,3/31/2020,294000
A00000350,1/31/2023,7/31/2020,45000
A00000006,3/31/2023,1/31/2018,423000
A00000124,5/31/2023,1/31/2018,69000
A00001445,9/30/2022,10/31/2021,3209000
A00000399,3/31/2022,12/31/2021,6000
A00000244,2/28/2022,4/30/2019,1303000
A00001408,6/30/2022,7/31/2021,65000
A00000340,5/31/2022,6/30/2020,1639000
A00000378,12/31/2021,12/31/2020,2000
A00000381,1/31/2023,1/31/2021,1693000
A00001496,3/31/2023,2/28/2022,26000
A00000256,1/31/2022,8/31/2019,14000
A00000333,5/31/2021,4/30/2020,58000
A00001415,6/30/2022,8/31/2021,7139000
A00000183,6/30/2021,12/31/2018,5072000
A00000333,10/31/2022,4/30/2020,15000
A00000150,1/31/2023,7/31/2018,1342000
A00001412,3/31/2022,7/31/2021,14000
A00000412,8/31/2021,6/30/2021,2000
A00000305,1/31/2022,7/31/2020,393000
A00000385,5/31/2021,1/31/2021,644000
A00001483,5/31/2022,1/31/2022,3000
A00001452,5/31/2022,3/31/2022,147000
A00001608,11/30/2022,8/31/2022,176000
A00000421,6/30/2022,5/31/2021,84000
A00001480,3/31/2022,1/31/2022,2218000
A00000239,6/30/2022,3/31/2019,1338000
A00000149,2/28/2023,7/31/2018,521000
A00000148,10/31/2021,7/31/2018,13277000
A00000124,3/31/2022,1/31/2018,106000
A00001406,8/31/2022,8/31/2021,1260000
A00000421,9/30/2022,5/31/2021,114000
A00001415,5/31/2023,8/31/2021,372000
A00000372,12/31/2022,12/31/2020,4162000
A00000039,5/31/2023,1/31/2018,3711000
A00001420,11/30/2021,8/31/2021,1000
A00001425,1/31/2023,8/31/2021,45000
A00001401,9/30/2022,5/31/2021,989000
A00000400,5/31/2021,3/31/2021,2997000
A00000327,2/28/2023,4/30/2020,119000
A00000413,9/30/2021,4/30/2021,7000
A00000244,4/30/2023,4/30/2019,77000
A00000239,4/30/2022,3/31/2019,940000
A00000316,5/31/2022,4/30/2020,147209000
A00001425,3/31/2023,8/31/2021,39000
A00001465,7/31/2022,1/31/2022,25000
A00000327,4/30/2022,4/30/2020,605000
A00000149,4/30/2023,7/31/2018,311000
A00000379,5/31/2022,1/31/2021,54000
A00000206,10/31/2021,6/30/2018,1363000
A00000405,9/30/2021,3/31/2021,19000
A00000350,8/31/2022,7/31/2020,33000
A00000006,12/31/2022,1/31/2018,322000
A00000150,2/28/2023,7/31/2018,450000
A00000216,1/31/2023,10/31/2018,2887000
A00000405,2/28/2022,3/31/2021,52000
A00001444,4/30/2023,6/30/2022,4000
A00001445,7/31/2022,10/31/2021,5581000
A00001401,6/30/2022,5/31/2021,985000
A00000180,8/31/2021,11/30/2018,1234000
A00000072,9/30/2022,1/31/2018,653000
A00000242,5/31/2022,5/31/2019,10646000
A00000416,11/30/2022,4/30/2021,187000
A00000399,10/31/2022,12/31/2021,12000
A00001408,1/31/2022,7/31/2021,51000
A00001528,9/30/2022,4/30/2022,24000
A00001460,3/31/2022,12/31/2021,56000
A00001394,2/28/2022,5/31/2021,528000
A00000140,6/30/2021,6/30/2018,1562000
A00000212,4/30/2022,10/31/2019,83000
A00001420,11/30/2022,8/31/2021,509000
A00000379,1/31/2023,1/31/2021,63000
A00000346,5/31/2021,7/31/2020,85000
A00000302,11/30/2021,2/29/2020,328000
A00000385,12/31/2022,1/31/2021,501000
A00001551,10/31/2022,5/31/2022,46000
A00000216,6/30/2021,10/31/2018,955000
A00001550,9/30/2022,5/31/2022,40000
A00000399,4/30/2023,12/31/2021,1000
A00000274,6/30/2021,10/31/2019,857000
A00000289,4/30/2023,12/31/2019,167000
A00000341,4/30/2022,10/31/2020,19153000
A00000399,7/31/2022,12/31/2021,2000
A00001547,2/28/2023,6/30/2022,12000
A00000239,8/31/2022,3/31/2019,1376000
A00001470,12/31/2022,1/31/2022,1432000
A00000005,9/30/2022,1/31/2018,11468000
A00001550,7/31/2022,5/31/2022,25000
A00000416,3/31/2022,4/30/2021,313000
A00001539,10/31/2022,4/30/2022,56000
A00000124,11/30/2022,1/31/2018,114000
A00000242,10/31/2022,5/31/2019,6637000
A00001556,7/31/2022,4/30/2022,200000
A00001556,4/30/2022,4/30/2022,16000
A00000072,2/28/2023,1/31/2018,872000
A00000372,1/31/2022,12/31/2020,4350000
A00000399,12/31/2021,12/31/2021,4000
A00000305,11/30/2021,7/31/2020,436000
A00000242,6/30/2021,5/31/2019,5085000
A00000372,4/30/2021,12/31/2020,2185000
A00001648,3/31/2023,10/31/2022,583000
A00000303,3/31/2021,3/31/2020,1103000
A00001515,3/31/2022,3/31/2022,2000
A00001566,6/30/2022,6/30/2022,32000
A00000355,11/30/2022,9/30/2020,7281000
A00000377,5/31/2022,1/31/2021,1000
A00000316,1/31/2022,4/30/2020,293100000
A00000242,4/30/2022,5/31/2019,9554000
A00001496,2/28/2022,2/28/2022,32000
A00001592,12/31/2022,7/31/2022,3000
A00000406,1/31/2022,3/31/2021,167000
A00000354,10/31/2021,9/30/2020,395000
A00001557,3/31/2023,7/31/2022,2000
A00000337,11/30/2022,6/30/2020,8000
A00000421,12/31/2021,5/31/2021,234000
A00000390,12/31/2021,2/28/2021,9000
A00001576,12/31/2022,6/30/2022,8000
A00000172,5/31/2021,8/31/2018,91000
A00000346,9/30/2022,7/31/2020,76000
A00001528,3/31/2023,4/30/2022,85000
A00000381,5/31/2022,1/31/2021,1531000
A00000124,4/30/2022,1/31/2018,94000
A00000180,11/30/2021,11/30/2018,1361000
A00000219,5/31/2022,1/31/2019,256000
A00000230,7/31/2022,1/31/2018,5398000
A00000374,7/31/2021,11/30/2020,133000
A00001576,4/30/2023,6/30/2022,6000
A00000196,2/28/2022,3/31/2019,461000
A00000372,6/30/2022,12/31/2020,4420000
A00000372,12/31/2021,12/31/2020,3798000
A00000302,5/31/2023,2/29/2020,1815000
A00000230,8/31/2022,1/31/2018,6862000
A00000005,3/31/2023,1/31/2018,10614000
A00001465,6/30/2022,1/31/2022,44000
A00000072,5/31/2023,1/31/2018,736000
A00001425,8/31/2022,8/31/2021,23000
A00001460,6/30/2022,12/31/2021,189000
A00000180,4/30/2021,11/30/2018,1077000
A00001494,6/30/2022,4/30/2022,98000
A00000323,10/31/2021,12/31/2020,2000
A00001420,1/31/2022,8/31/2021,311000
A00000198,5/31/2023,1/31/2019,8000
A00000387,10/31/2021,2/28/2021,185000
A00001505,12/31/2022,2/28/2022,398000
A00001477,3/31/2022,1/31/2022,18000
A00000390,10/31/2022,2/28/2021,7000
A00001496,5/31/2022,2/28/2022,16000
A00001657,2/28/2023,11/30/2022,143000
A00000390,8/31/2022,2/28/2021,1000
A00001421,5/31/2023,8/31/2021,413000
A00001412,10/31/2021,7/31/2021,7000
A00000003,3/31/2022,1/31/2018,1114000
A00001397,7/31/2021,5/31/2021,2000
A00000162,2/28/2023,9/30/2018,150000
A00000407,3/31/2021,3/31/2021,7000
A00001498,5/31/2023,2/28/2022,292000
A00001401,3/31/2023,5/31/2021,2263000
A00000148,11/30/2021,7/31/2018,13666000
A00000303,9/30/2021,3/31/2020,1199000
A00001498,4/30/2023,2/28/2022,101000
A00000206,8/31/2022,6/30/2018,2891000
A00001444,2/28/2023,6/30/2022,40000
A00001394,10/31/2021,5/31/2021,515000
A00000251,9/30/2022,7/31/2019,1386000
A00001432,10/31/2022,9/30/2021,2000
A00000372,7/31/2022,12/31/2020,4040000
A00001489,11/30/2022,1/31/2022,19000
A00001444,3/31/2023,6/30/2022,40000
A00001528,4/30/2023,4/30/2022,31000
A00000172,12/31/2022,8/31/2018,391000
A00000107,4/30/2023,1/31/2018,26000
A00000242,10/31/2021,5/31/2019,6137000
A00001477,4/30/2023,1/31/2022,5000
A00001515,1/31/2023,3/31/2022,1000
A00000206,1/31/2022,6/30/2018,2047000
A00000381,12/31/2022,1/31/2021,1330000
A00001422,12/31/2022,8/31/2021,14000
A00001551,9/30/2022,5/31/2022,6000
A00000293,10/31/2021,12/31/2019,32000
A00000400,3/31/2023,3/31/2021,4100000
A00001522,7/31/2022,3/31/2022,30000
A00000072,10/31/2022,1/31/2018,761000
A00000003,6/30/2021,1/31/2018,740000
A00000407,9/30/2021,3/31/2021,95000
A00001498,1/31/2023,2/28/2022,154000
A00000346,8/31/2021,7/31/2020,87000
A00000374,11/30/2022,11/30/2020,238000
A00000150,4/30/2023,7/31/2018,225000
A00000148,9/30/2021,7/31/2018,11554000
A00000140,8/31/2022,6/30/2018,2586000
A00000400,9/30/2021,3/31/2021,3114000
A00001608,2/28/2023,8/31/2022,292000
A00001420,9/30/2021,8/31/2021,5000
A00000050,9/30/2022,1/31/2018,5000
A00000239,11/30/2022,3/31/2019,1242000
A00000337,2/28/2023,6/30/2020,17000
A00000251,5/31/2021,7/31/2019,453000
A00000377,5/31/2021,1/31/2021,1000
A00000323,3/31/2021,12/31/2020,3000
A00000354,9/30/2021,9/30/2020,454000
A00001456,9/30/2022,11/30/2021,4831000
A00000350,8/31/2021,7/31/2020,60000
A00000416,6/30/2022,4/30/2021,294000
A00000423,9/30/2022,5/31/2021,239000
A00000372,7/31/2021,12/31/2020,3248000
A00001410,4/30/2022,7/31/2021,25000
A00000350,10/31/2022,7/31/2020,52000
A00000285,8/31/2022,11/30/2019,419000
A00000372,2/28/2023,12/31/2020,3663000
A00000335,5/31/2021,5/31/2020,1000
A00000148,10/31/2022,7/31/2018,21909000
A00000239,10/31/2022,3/31/2019,1299000
A00000162,3/31/2021,9/30/2018,178000
A00000400,5/31/2022,3/31/2021,5712000
A00000162,4/30/2021,9/30/2018,159000
A00001416,5/31/2023,6/30/2021,8339000
A00000346,9/30/2021,7/31/2020,86000
A00002429,5/31/2023,3/31/2023,13000
A00001445,11/30/2022,10/31/2021,2635000
A00001478,3/31/2023,1/31/2022,56000
A00001484,2/28/2023,1/31/2022,5000
A00000083,12/31/2022,3/31/2018,11000
A00000180,12/31/2021,11/30/2018,1518000
A00000072,6/30/2022,1/31/2018,655000
A00000333,4/30/2021,4/30/2020,73000
A00001425,7/31/2022,8/31/2021,13000
A00000346,3/31/2023,7/31/2020,117000
A00000405,3/31/2022,3/31/2021,58000
A00000215,12/31/2022,2/28/2019,1116000
A00000339,2/28/2023,6/30/2020,110000
A00001422,7/31/2022,8/31/2021,16000
A00000162,4/30/2022,9/30/2018,154000
A00001505,7/31/2022,2/28/2022,1324000
A00001470,4/30/2023,1/31/2022,604000
A00001477,1/31/2022,1/31/2022,7000
A00001397,5/31/2021,5/31/2021,112000
A00001608,5/31/2023,8/31/2022,197000
A00000382,8/31/2022,1/31/2021,450000
A00000412,3/31/2022,6/30/2021,217000
A00001452,10/31/2022,3/31/2022,135000
A00001406,2/28/2022,8/31/2021,360000
A00000379,7/31/2022,1/31/2021,103000
A00001557,4/30/2023,7/31/2022,1000
A00000274,7/31/2021,10/31/2019,794000
A00000390,9/30/2022,2/28/2021,6000
A00000374,2/28/2023,11/30/2020,23000
A00000355,3/31/2023,9/30/2020,16454000
A00001480,10/31/2022,1/31/2022,526000
A00001496,3/31/2022,2/28/2022,24000
A00001412,11/30/2021,7/31/2021,11000
A00000005,8/31/2022,1/31/2018,11406000
A00000148,12/31/2022,7/31/2018,25103000
A00000421,5/31/2021,5/31/2021,142000
A00000303,11/30/2021,3/31/2020,993000
A00001484,5/31/2022,1/31/2022,17000
A00001445,8/31/2022,10/31/2021,6063000
A00000285,2/28/2023,11/30/2019,305000
A00000385,6/30/2021,1/31/2021,522000
A00001422,4/30/2023,8/31/2021,12000
A00001420,3/31/2023,8/31/2021,939000
A00000385,12/31/2021,1/31/2021,1594000
A00000400,3/31/2021,3/31/2021,5000
A00001592,10/31/2022,7/31/2022,31000
A00000378,8/31/2021,12/31/2020,2000
A00000379,5/31/2023,1/31/2021,63000
A00000251,10/31/2022,7/31/2019,1268000
A00000390,4/30/2021,2/28/2021,6000
A00000390,1/31/2023,2/28/2021,15000
A00001566,8/31/2022,6/30/2022,181000
A00000006,9/30/2022,1/31/2018,643000
A00000400,11/30/2022,3/31/2021,3736000
A00001544,2/28/2023,4/30/2022,47167000
A00000150,3/31/2022,7/31/2018,990000
A00000305,3/31/2021,7/31/2020,387000
A00000385,11/30/2022,1/31/2021,824000
A00000230,2/28/2023,1/31/2018,6625000
A00001422,11/30/2021,8/31/2021,20000
A00001478,2/28/2022,1/31/2022,6000
A00000346,4/30/2023,7/31/2020,26000
A00001415,5/31/2022,8/31/2021,7345000
A00001515,6/30/2022,3/31/2022,4000
A00000346,6/30/2022,7/31/2020,50000
A00001573,9/30/2022,6/30/2022,38000
A00000385,7/31/2021,1/31/2021,743000
A00001408,7/31/2022,7/31/2021,28000
A00000303,5/31/2022,3/31/2020,593000
A00000406,11/30/2021,3/31/2021,148000
A00000219,11/30/2022,1/31/2019,19000
A00000305,11/30/2022,7/31/2020,177000
A00000206,3/31/2022,6/30/2018,2169000
A00001454,7/31/2022,11/30/2021,4000
A00000212,1/31/2022,10/31/2019,5846000
A00000412,4/30/2022,6/30/2021,187000
A00001445,11/30/2021,10/31/2021,7655000
A00000072,12/31/2022,1/31/2018,734000
A00001573,11/30/2022,6/30/2022,31000
A00000421,5/31/2022,5/31/2021,110000
A00000274,8/31/2022,10/31/2019,2229000
A00000379,7/31/2021,1/31/2021,24000
A00000326,8/31/2021,4/30/2020,3000
A00001397,11/30/2021,5/31/2021,6000
A00001416,8/31/2022,6/30/2021,2249000
A00001400,2/28/2022,6/30/2021,426000
A00000124,6/30/2022,1/31/2018,141000
A00000377,8/31/2022,1/31/2021,3000
A00001394,12/31/2021,5/31/2021,460000
A00000316,10/31/2022,4/30/2020,160758000
A00001557,5/31/2023,7/31/2022,13000
A00000039,4/30/2023,1/31/2018,1602000
A00000387,3/31/2022,2/28/2021,389000
A00000183,7/31/2021,12/31/2018,4907000
A00000333,11/30/2021,4/30/2020,29000
A00000374,10/31/2021,11/30/2020,135000
A00001420,8/31/2022,8/31/2021,361000
A00000251,12/31/2022,7/31/2019,1309000
A00000154,10/31/2022,8/31/2018,519000
A00000050,4/30/2023,1/31/2018,1000
A00000381,6/30/2022,1/31/2021,1586000
A00000382,8/31/2021,1/31/2021,258000
A00001564,7/31/2022,7/31/2022,8000
A00000305,9/30/2022,7/31/2020,205000
A00000172,6/30/2022,8/31/2018,689000
A00000172,4/30/2022,8/31/2018,457000
A00001421,4/30/2022,8/31/2021,292000
A00000140,11/30/2021,6/30/2018,1895000
A00000251,3/31/2021,7/31/2019,386000
A00000244,12/31/2022,4/30/2019,2280000
A00000355,10/31/2022,9/30/2020,6226000
A00000399,1/31/2023,12/31/2021,6000
A00001425,4/30/2023,8/31/2021,9000
A00000326,3/31/2022,4/30/2020,14000
A00000285,6/30/2022,11/30/2019,282000
A00000374,3/31/2023,11/30/2020,2000
A00000374,7/31/2022,11/30/2020,334000
A00001592,1/31/2023,7/31/2022,3000
A00000072,4/30/2023,1/31/2018,274000
A00001415,2/28/2023,8/31/2021,632000
A00000406,5/31/2021,3/31/2021,94000
A00000072,7/31/2022,1/31/2018,577000
A00001422,2/28/2022,8/31/2021,11000
A00000397,8/31/2021,2/28/2021,89000
A00001576,9/30/2022,6/30/2022,13000
A00001397,9/30/2021,5/31/2021,3000
A00001397,4/30/2023,5/31/2021,4000
A00001484,10/31/2022,1/31/2022,12000
A00001465,4/30/2022,1/31/2022,23000
A00001539,12/31/2022,4/30/2022,55000
A00000323,4/30/2021,12/31/2020,1000
A00001406,3/31/2023,8/31/2021,1561000
A00001412,12/31/2021,7/31/2021,10000
A00001444,8/31/2022,6/30/2022,38000
A00000302,2/28/2023,2/29/2020,1984000
A00001556,4/30/2023,4/30/2022,29000
A00000003,1/31/2022,1/31/2018,996000
A00001648,4/30/2023,10/31/2022,214000
A00000393,12/31/2022,3/31/2021,568000
A00001494,5/31/2023,4/30/2022,11000
A00001522,4/30/2023,3/31/2022,34000
A00001470,5/31/2023,1/31/2022,1580000
A00000381,9/30/2022,1/31/2021,1271000
A00000072,2/28/2022,1/31/2018,438000
A00000339,5/31/2023,6/30/2020,85000
A00000191,6/30/2022,12/31/2018,137000
A00001454,5/31/2022,11/30/2021,8000
A00001484,9/30/2022,1/31/2022,21000
A00001522,3/31/2023,3/31/2022,106000
A00001437,7/31/2022,10/31/2021,2000
A00001470,8/31/2022,1/31/2022,2629000
A00000005,5/31/2023,1/31/2018,2366000
A00000183,10/31/2022,12/31/2018,6102000
A00000399,5/31/2022,12/31/2021,23000
A00000285,5/31/2022,11/30/2019,304000
A00000172,2/28/2022,8/31/2018,252000
A00000355,7/31/2022,9/30/2020,4621000
A00001394,1/31/2022,5/31/2021,604000
A00000378,8/31/2022,12/31/2020,3000
A00001452,7/31/2022,3/31/2022,174000
A00000326,4/30/2023,4/30/2020,3000
A00001445,3/31/2023,10/31/2021,6878000
A00001465,11/30/2022,1/31/2022,84000
A00000412,1/31/2023,6/30/2021,28000
A00000387,8/31/2022,2/28/2021,191000
A00000326,4/30/2022,4/30/2020,26000
A00000251,1/31/2023,7/31/2019,1893000
A00000390,2/28/2023,2/28/2021,3000
A00000124,10/31/2022,1/31/2018,118000
A00000333,9/30/2021,4/30/2020,63000
A00001425,9/30/2022,8/31/2021,28000
A00000399,1/31/2022,12/31/2021,10000
A00001437,8/31/2022,10/31/2021,3000
A00000337,6/30/2022,6/30/2020,25000
A00001539,5/31/2023,4/30/2022,75000
A00002412,4/30/2023,3/31/2023,10000
A00000206,2/28/2023,6/30/2018,2823000
A00000416,2/28/2023,4/30/2021,173000
A00001416,4/30/2023,6/30/2021,1007000
A00001573,8/31/2022,6/30/2022,41000
A00001566,1/31/2023,6/30/2022,160000
A00000039,11/30/2021,1/31/2018,3077000
A00001556,5/31/2023,4/30/2022,51000
A00000274,9/30/2021,10/31/2019,918000
A00000316,4/30/2023,4/30/2020,39226000
A00000162,1/31/2023,9/30/2018,145000
A00000385,8/31/2021,1/31/2021,545000
A00000191,3/31/2022,12/31/2018,183000
A00000423,1/31/2022,5/31/2021,269000
A00000372,5/31/2022,12/31/2020,4029000
A00001415,10/31/2022,8/31/2021,2062000
A00000162,12/31/2021,9/30/2018,148000
A00000302,8/31/2021,2/29/2020,230000
A00001408,7/31/2021,7/31/2021,2000
A00000172,12/31/2021,8/31/2018,209000
A00000382,5/31/2022,1/31/2021,333000
A00000305,8/31/2021,7/31/2020,416000
A00000323,7/31/2021,12/31/2020,5000
A00000397,5/31/2021,2/28/2021,81000
A00000148,2/28/2022,7/31/2018,15912000
A00000316,4/30/2022,4/30/2020,171428000
A00001566,2/28/2023,6/30/2022,133000
A00000206,5/31/2023,6/30/2018,2067000
A00000406,6/30/2021,3/31/2021,129000
A00000140,3/31/2021,6/30/2018,1464000
A00000346,4/30/2021,7/31/2020,73000
A00001528,1/31/2023,4/30/2022,61000
A00000378,2/28/2022,12/31/2020,1000
A00001480,8/31/2022,1/31/2022,4000
A00000274,10/31/2022,10/31/2019,2574000
A00000006,4/30/2022,1/31/2018,641000
A00000372,3/31/2021,12/31/2020,1914000
A00001544,12/31/2022,4/30/2022,77355000
A00000350,4/30/2021,7/31/2020,90000
A00000405,9/30/2022,3/31/2021,55000
A00000339,3/31/2022,6/30/2020,60000
A00000191,4/30/2022,12/31/2018,152000
A00000251,9/30/2021,7/31/2019,451000
A00001401,3/31/2022,5/31/2021,364000
A00000405,5/31/2021,3/31/2021,46000
A00000390,3/31/2022,2/28/2021,12000
A00000140,2/28/2023,6/30/2018,1938000
A00000387,10/31/2022,2/28/2021,23000
A00000326,10/31/2022,4/30/2020,6000
A00001657,1/31/2023,11/30/2022,10000
A00001422,11/30/2022,8/31/2021,13000
A00001408,8/31/2021,7/31/2021,19000
A00000162,3/31/2023,9/30/2018,217000
A00000381,2/28/2023,1/31/2021,874000
A00000377,7/31/2021,1/31/2021,2000
A00000124,3/31/2023,1/31/2018,113000
A00000285,12/31/2021,11/30/2019,447000
A00001394,3/31/2023,5/31/2021,551000
A00000379,10/31/2021,1/31/2021,50000
A00000385,1/31/2023,1/31/2021,532000
A00001406,10/31/2021,8/31/2021,209000
A00000206,11/30/2022,6/30/2018,3247000
A00001394,4/30/2023,5/31/2021,150000
A00000399,3/31/2023,12/31/2021,19000
A00000183,5/31/2021,12/31/2018,3346000
A00000372,8/31/2021,12/31/2020,3504000
A00001408,2/28/2022,7/31/2021,80000
A00000340,10/31/2022,6/30/2020,1440000
A00000385,2/28/2023,1/31/2021,1805000
A00001470,9/30/2022,1/31/2022,2773000
A00000303,4/30/2021,3/31/2020,1016000
A00000378,7/31/2021,12/31/2020,1000
A00000354,4/30/2022,9/30/2020,366000
A00000378,3/31/2023,12/31/2020,16000
A00001576,7/31/2022,6/30/2022,6000
A00001394,12/31/2022,5/31/2021,429000
A00001454,2/28/2022,11/30/2021,15000
A00001477,5/31/2022,1/31/2022,14000
A00000215,1/31/2023,2/28/2019,6423000
A00001445,1/31/2023,10/31/2021,5941000
A00000399,11/30/2022,12/31/2021,14000
A00001531,4/30/2022,3/31/2022,49000
A00000172,3/31/2022,8/31/2018,616000
A00000031,6/30/2021,1/31/2018,7000
A00000206,4/30/2022,6/30/2018,1830000
A00001470,2/28/2023,1/31/2022,1657000
A00002393,5/31/2023,3/31/2023,64000
A00001456,2/28/2022,11/30/2021,7509000
A00000400,12/31/2021,3/31/2021,2357000
A00001494,8/31/2022,4/30/2022,47000
A00001477,4/30/2022,1/31/2022,11000
A00001592,5/31/2023,7/31/2022,3000
A00000399,8/31/2022,12/31/2021,13000
A00001445,4/30/2023,10/31/2021,2086000
A00000374,9/30/2021,11/30/2020,91000
A00001674,2/28/2023,11/30/2022,354000
A00001556,5/31/2022,4/30/2022,77000
A00001452,9/30/2022,3/31/2022,145000
A00000413,5/31/2021,4/30/2021,8000
A00000339,10/31/2022,6/30/2020,184000
A00000405,4/30/2022,3/31/2021,86000
A00000148,1/31/2022,7/31/2018,15862000
A00000350,2/28/2023,7/31/2020,50000
A00000148,1/31/2023,7/31/2018,24813000
A00001478,5/31/2023,1/31/2022,53000
A00000416,1/31/2023,4/30/2021,186000
A00000323,11/30/2021,12/31/2020,8000
A00000206,9/30/2022,6/30/2018,3206000
A00001478,8/31/2022,1/31/2022,63000
A00000242,2/28/2022,5/31/2019,7747000
A00000259,5/31/2023,9/30/2019,36000
A00000303,4/30/2023,3/31/2020,236000
A00000421,10/31/2022,5/31/2021,107000
A00000326,11/30/2022,4/30/2020,13000
A00000412,12/31/2022,6/30/2021,19000
A00001421,11/30/2021,8/31/2021,192000
A00000217,4/30/2022,4/30/2019,875000
A00000346,1/31/2022,7/31/2020,67000
A00000191,5/31/2023,12/31/2018,761000
A00000140,4/30/2021,6/30/2018,1476000
A00001690,1/31/2023,12/31/2022,8000
A00000346,5/31/2022,7/31/2020,51000
A00000039,2/28/2023,1/31/2018,4880000
A00000230,4/30/2023,1/31/2018,1742000
A00000405,10/31/2021,3/31/2021,26000
A00000393,11/30/2022,3/31/2021,696000
A00001415,3/31/2023,8/31/2021,512000
A00000374,12/31/2022,11/30/2020,283000
A00000196,12/31/2022,3/31/2019,284000
A00000416,7/31/2022,4/30/2021,268000
A00001548,3/31/2023,4/30/2022,51000
A00001437,12/31/2022,10/31/2021,11000
A00000148,9/30/2022,7/31/2018,21963000
A00000180,6/30/2021,11/30/2018,1162000
A00001401,2/28/2023,5/31/2021,2433000
A00000337,4/30/2023,6/30/2020,12000
A00000412,6/30/2021,6/30/2021,19000
A00000400,2/28/2022,3/31/2021,2880000
A00000285,1/31/2023,11/30/2019,323000
A00000031,4/30/2021,1/31/2018,30000
A00001415,12/31/2022,8/31/2021,501000
A00000302,10/31/2022,2/29/2020,1096000
A00000172,9/30/2022,8/31/2018,756000
A00000385,6/30/2022,1/31/2021,1741000
A00000316,11/30/2021,4/30/2020,365682000
A00000003,10/31/2022,1/31/2018,2244000
A00000377,3/31/2021,1/31/2021,1000
A00000326,4/30/2021,4/30/2020,9000
A00001460,8/31/2022,12/31/2021,23000
A00001454,11/30/2021,11/30/2021,1000
A00000216,3/31/2022,10/31/2018,1761000
A00001592,8/31/2022,7/31/2022,23000
A00000390,6/30/2022,2/28/2021,8000
A00001544,4/30/2022,4/30/2022,17000
A00001416,3/31/2023,6/30/2021,2680000
A00001489,5/31/2022,1/31/2022,11000
A00000303,10/31/2021,3/31/2020,1175000
A00000289,5/31/2023,12/31/2019,396000
A00000372,2/28/2022,12/31/2020,3652000
A00000183,4/30/2021,12/31/2018,2863000
A00001480,1/31/2023,1/31/2022,476000
A00000340,11/30/2022,6/30/2020,883000
A00000149,11/30/2022,7/31/2018,760000
A00000251,2/28/2022,7/31/2019,948000
A00001522,1/31/2023,3/31/2022,22000
A00001445,10/31/2021,10/31/2021,71000
A00000378,4/30/2021,12/31/2020,1000
A00001408,5/31/2022,7/31/2021,64000
A00000251,5/31/2022,7/31/2019,1034000
A00000421,7/31/2021,5/31/2021,192000
A00000072,3/31/2023,1/31/2018,969000
A00001454,8/31/2022,11/30/2021,2000
A00000379,9/30/2021,1/31/2021,37000
A00001528,11/30/2022,4/30/2022,20000
A00000148,4/30/2023,7/31/2018,2267000
A00000285,9/30/2022,11/30/2019,500000
A00000421,1/31/2022,5/31/2021,258000
A00001415,3/31/2022,8/31/2021,8679000
A00001544,4/30/2023,4/30/2022,3040000
A00000379,11/30/2021,1/31/2021,55000
A00000216,1/31/2022,10/31/2018,1566000
A00000382,7/31/2021,1/31/2021,192000
A00000393,3/31/2021,3/31/2021,6000
A00000172,3/31/2021,8/31/2018,106000
A00000399,2/28/2022,12/31/2021,9000
A00001564,9/30/2022,7/31/2022,5000
A00000350,1/31/2022,7/31/2020,100000
A00001566,11/30/2022,6/30/2022,130000
A00000219,8/31/2022,1/31/2019,172000
A00001645,4/30/2023,10/31/2022,17000
A00001591,2/28/2023,7/31/2022,196000
A00000217,5/31/2023,4/30/2019,1516000
A00000400,2/28/2023,3/31/2021,3582000
A00000326,7/31/2022,4/30/2020,6000
A00000393,1/31/2022,3/31/2021,2000
A00001480,6/30/2022,1/31/2022,25000
A00000354,1/31/2022,9/30/2020,335000
A00000285,2/28/2022,11/30/2019,411000
A00001406,11/30/2022,8/31/2021,908000
A00001444,9/30/2022,6/30/2022,23000
A00001544,5/31/2022,4/30/2022,27518000
A00001397,2/28/2023,5/31/2021,3000
A00000340,7/31/2021,6/30/2020,2659000
A00000140,1/31/2022,6/30/2018,2722000
A00001531,3/31/2022,3/31/2022,77000
A00000346,11/30/2021,7/31/2020,93000
A00001573,6/30/2022,6/30/2022,26000
A00000215,4/30/2023,2/28/2019,1914000
A00000150,2/28/2022,7/31/2018,762000
A00000385,11/30/2021,1/31/2021,1151000
A00000305,7/31/2022,7/31/2020,300000
A00000340,3/31/2023,6/30/2020,195000
A00000340,8/31/2021,6/30/2020,1849000
A00001421,7/31/2022,8/31/2021,384000
A00000333,1/31/2022,4/30/2020,32000
A00001444,1/31/2023,6/30/2022,48000
A00000302,3/31/2023,2/29/2020,2143000
A00000261,5/31/2023,8/31/2019,244000
A00000354,5/31/2022,9/30/2020,435000
A00001394,10/31/2022,5/31/2021,867000
A00000354,6/30/2021,9/30/2020,82000
A00000346,12/31/2021,7/31/2020,95000
A00000244,4/30/2022,4/30/2019,10379000
A00001421,2/28/2023,8/31/2021,360000
A00000050,10/31/2022,1/31/2018,7000
A00002455,5/31/2023,5/31/2023,72000
A00000154,11/30/2022,8/31/2018,319000
A00001547,12/31/2022,6/30/2022,1000
A00001422,10/31/2022,8/31/2021,24000
A00001470,1/31/2023,1/31/2022,1617000
A00001400,10/31/2021,6/30/2021,473000
A00002412,3/31/2023,3/31/2023,20000
A00001444,11/30/2022,6/30/2022,103000
A00000289,3/31/2023,12/31/2019,482000
A00002393,3/31/2023,3/31/2023,19000
A00000242,1/31/2022,5/31/2019,8069000
A00000191,12/31/2022,12/31/2018,1109000
A00000355,1/31/2022,9/30/2020,772000
A00001539,4/30/2023,4/30/2022,22000
A00001406,1/31/2023,8/31/2021,1255000
A00000381,7/31/2021,1/31/2021,3000
A00000397,5/31/2022,2/28/2021,148000
A00001585,12/31/2022,12/31/2022,1000
A00001394,5/31/2021,5/31/2021,82000
A00001498,3/31/2023,2/28/2022,237000
A00000421,12/31/2022,5/31/2021,164000
A00001421,6/30/2022,8/31/2021,359000
A00001657,4/30/2023,11/30/2022,43000
A00000191,2/28/2023,12/31/2018,1104000
A00001478,10/31/2022,1/31/2022,49000
A00000293,8/31/2021,12/31/2019,31000
A00000400,6/30/2022,3/31/2021,5695000
A00000335,3/31/2021,5/31/2020,6000
A00000180,9/30/2021,11/30/2018,1395000
A00000393,9/30/2022,3/31/2021,164000
A00000251,3/31/2023,7/31/2019,1857000
A00000148,3/31/2023,7/31/2018,8675000
A00001415,9/30/2021,8/31/2021,933000
A00001498,11/30/2022,2/28/2022,238000
A00000162,1/31/2022,9/30/2018,116000
A00001573,4/30/2023,6/30/2022,13000
A00001422,5/31/2023,8/31/2021,23000
A00000374,5/31/2021,11/30/2020,151000
A00000072,11/30/2021,1/31/2018,517000
A00000390,11/30/2021,2/28/2021,5000
A00000212,10/31/2021,10/31/2019,4848000
A00001480,11/30/2022,1/31/2022,547000
A00000303,12/31/2022,3/31/2020,270000
A00000274,5/31/2022,10/31/2019,1681000
A00000382,1/31/2022,1/31/2021,319000
A00001422,1/31/2023,8/31/2021,11000
A00000006,8/31/2022,1/31/2018,595000
A00000412,8/31/2022,6/30/2021,172000
A00000303,5/31/2023,3/31/2020,325000
A00001478,4/30/2022,1/31/2022,73000
A00000172,8/31/2022,8/31/2018,700000
A00000302,4/30/2023,2/29/2020,612000
A00001394,8/31/2022,5/31/2021,1173000
A00000140,9/30/2021,6/30/2018,1486000
A00001412,6/30/2022,7/31/2021,3000
A00000421,9/30/2021,5/31/2021,223000
A00000305,5/31/2023,7/31/2020,195000
A00000140,5/31/2023,6/30/2018,1376000
A00001551,1/31/2023,5/31/2022,140000
A00000124,7/31/2022,1/31/2018,148000
A00000285,10/31/2021,11/30/2019,449000
A00000274,5/31/2021,10/31/2019,623000
A00000407,2/28/2022,3/31/2021,132000
A00001496,9/30/2022,2/28/2022,26000
A00000050,5/31/2023,1/31/2018,6000
A00000316,2/28/2023,4/30/2020,107620000
A00001470,1/31/2022,1/31/2022,1237000
A00001690,12/31/2022,12/31/2022,22000
A00000003,6/30/2022,1/31/2018,1488000
A00000155,5/31/2023,1/31/2018,6204000
A00001444,12/31/2022,6/30/2022,47000
A00000339,1/31/2023,6/30/2020,117000
A00000196,9/30/2022,3/31/2019,511000
A00001522,12/31/2022,3/31/2022,48000
A00000212,3/31/2022,10/31/2019,3454000
A00001452,11/30/2022,3/31/2022,101000
A00000239,1/31/2023,3/31/2019,1130000
A00000399,2/28/2023,12/31/2021,8000
A00001478,11/30/2022,1/31/2022,45000
A00000305,8/31/2022,7/31/2020,266000
A00000072,5/31/2022,1/31/2018,511000
A00000379,12/31/2022,1/31/2021,86000
A00000274,4/30/2021,10/31/2019,643000
A00000387,4/30/2021,2/28/2021,18000
A00000172,8/31/2021,8/31/2018,129000
A00000140,7/31/2022,6/30/2018,1980000
A00001410,12/31/2021,7/31/2021,55000
A00000303,1/31/2022,3/31/2020,818000
A00000382,6/30/2022,1/31/2021,309000
A00001421,8/31/2021,8/31/2021,179000
A00000355,9/30/2021,9/30/2020,190000
A00000326,12/31/2022,4/30/2020,13000
A00000230,1/31/2023,1/31/2018,7438000
A00001421,9/30/2021,8/31/2021,166000
A00000289,1/31/2023,12/31/2019,436000
A00000340,4/30/2022,6/30/2020,1759000
A00000154,2/28/2023,8/31/2018,264000
A00000150,6/30/2022,7/31/2018,1223000
A00001480,4/30/2022,1/31/2022,3000
A00000327,5/31/2023,4/30/2020,102000
A00000006,11/30/2022,1/31/2018,340000
A00000109,4/30/2023,1/31/2018,8000
A00001421,3/31/2022,8/31/2021,339000
A00001544,3/31/2023,4/30/2022,17275000
A00001528,5/31/2022,4/30/2022,22000
A00000377,1/31/2022,1/31/2021,4000
A00001401,5/31/2023,5/31/2021,1555000
A00000072,1/31/2022,1/31/2018,519000
A00000326,6/30/2021,4/30/2020,1000
A00000350,2/28/2022,7/31/2020,82000
A00000196,10/31/2022,3/31/2019,452000
A00000399,12/31/2022,12/31/2021,9000
A00000003,3/31/2023,1/31/2018,2733000
A00000003,7/31/2022,1/31/2018,1725000
A00000355,9/30/2022,9/30/2020,5873000
A00000377,7/31/2022,1/31/2021,1000
A00000350,10/31/2021,7/31/2020,60000
A00001410,6/30/2022,7/31/2021,2000
A00000140,12/31/2022,6/30/2018,1925000
A00000340,4/30/2023,6/30/2020,223000
A00000005,12/31/2022,1/31/2018,13001000
A00000378,10/31/2022,12/31/2020,19000
A00000031,5/31/2021,1/31/2018,16000
A00001522,11/30/2022,3/31/2022,48000
A00000333,2/28/2023,4/30/2020,45000
A00000377,4/30/2022,1/31/2021,1000
A00001515,8/31/2022,3/31/2022,2000
A00000400,11/30/2021,3/31/2021,3008000
A00001445,6/30/2022,10/31/2021,5578000
A00000261,1/31/2022,8/31/2019,501000
A00000372,3/31/2022,12/31/2020,3648000
A00000285,3/31/2022,11/30/2019,409000
A00001544,7/31/2022,4/30/2022,72099000
A00000326,2/28/2023,4/30/2020,13000
A00000216,4/30/2021,10/31/2018,828000
A00000150,3/31/2023,7/31/2018,423000
A00000216,5/31/2022,10/31/2018,2049000
A00000333,1/31/2023,4/30/2020,36000
A00000333,3/31/2023,4/30/2020,49000
A00001432,2/28/2022,9/30/2021,1000
A00000333,5/31/2022,4/30/2020,49000
A00001394,4/30/2022,5/31/2021,1134000
A00000196,8/31/2022,3/31/2019,632000
A00000355,3/31/2021,9/30/2020,74000
A00000340,9/30/2021,6/30/2020,2012000
A00000154,12/31/2022,8/31/2018,219000
A00000385,7/31/2022,1/31/2021,2015000
A00001416,5/31/2022,6/30/2021,154000
A00000355,5/31/2021,9/30/2020,92000
A00000337,7/31/2022,6/30/2020,11000
A00000305,2/28/2022,7/31/2020,396000
A00001608,3/31/2023,8/31/2022,252000
A00000191,8/31/2022,12/31/2018,246000
A00000183,2/28/2022,12/31/2018,5904000
A00001444,7/31/2022,6/30/2022,32000
A00000162,11/30/2022,9/30/2018,215000
A00000303,3/31/2022,3/31/2020,766000
A00000305,7/31/2021,7/31/2020,344000
A00001452,8/31/2022,3/31/2022,189000
A00000261,3/31/2021,8/31/2019,264000
A00000140,5/31/2021,6/30/2018,1339000
A00001608,8/31/2022,8/31/2022,428000
A00000316,12/31/2022,4/30/2020,118318000
A00001420,8/31/2021,8/31/2021,7000
A00000385,3/31/2022,1/31/2021,2665000
A00001505,9/30/2022,2/28/2022,809000
A00001415,2/28/2022,8/31/2021,6245000
A00001470,3/31/2023,1/31/2022,2323000
A00000405,6/30/2022,3/31/2021,67000
A00001416,7/31/2022,6/30/2021,973000
A00000339,12/31/2022,6/30/2020,222000
A00001460,5/31/2022,12/31/2021,205000
A00001556,10/31/2022,4/30/2022,96000
A00000274,3/31/2023,10/31/2019,2788000
A00000303,11/30/2022,3/31/2020,321000
A00000219,3/31/2022,1/31/2019,89000
A00001674,4/30/2023,11/30/2022,92000
A00000140,6/30/2022,6/30/2018,2846000
A00001544,11/30/2022,4/30/2022,80227000
A00000374,6/30/2021,11/30/2020,147000
A00001397,2/28/2022,5/31/2021,4000
A00000206,12/31/2022,6/30/2018,3495000
A00000180,10/31/2021,11/30/2018,1449000
A00001481,7/31/2022,3/31/2022,47000
A00000327,7/31/2022,4/30/2020,674000
A00000400,8/31/2022,3/31/2021,4722000
A00000216,9/30/2022,10/31/2018,2341000
A00000244,7/31/2022,4/30/2019,2356000
A00000382,6/30/2021,1/31/2021,179000
A00000337,12/31/2021,6/30/2020,963000
A00000191,7/31/2022,12/31/2018,191000
A00000339,7/31/2022,6/30/2020,190000
A00000162,9/30/2022,9/30/2018,153000
A00001456,5/31/2022,11/30/2021,6437000
A00000346,7/31/2021,7/31/2020,70000
A00000217,12/31/2022,4/30/2019,1078000
A00001484,8/31/2022,1/31/2022,23000
A00001591,11/30/2022,7/31/2022,181000
A00000333,4/30/2023,4/30/2020,18000
A00001515,11/30/2022,3/31/2022,4000
A00001494,9/30/2022,4/30/2022,19000
A00000293,3/31/2021,12/31/2019,7000
A00000374,10/31/2022,11/30/2020,345000
A00000050,1/31/2023,1/31/2018,12000
A00000005,2/28/2023,1/31/2018,12801000
A00000390,1/31/2022,2/28/2021,16000
A00001477,6/30/2022,1/31/2022,11000
A00001422,4/30/2022,8/31/2021,5000
A00000340,1/31/2022,6/30/2020,1757000
A00001573,10/31/2022,6/30/2022,38000
A00000293,6/30/2021,12/31/2019,22000
A00001481,5/31/2022,3/31/2022,560000
A00000374,4/30/2022,11/30/2020,295000
A00000323,9/30/2021,12/31/2020,4000
A00001592,7/31/2022,7/31/2022,10000
A00000341,3/31/2023,10/31/2020,14754000
A00000390,10/31/2021,2/28/2021,10000
A00001674,12/31/2022,11/30/2022,265000
A00000140,10/31/2022,6/30/2018,2090000
A00001452,1/31/2023,3/31/2022,116000
A00001420,9/30/2022,8/31/2021,398000
A00001397,4/30/2022,5/31/2021,1000
A00000162,6/30/2022,9/30/2018,129000
A00000206,11/30/2021,6/30/2018,1423000
A00000303,9/30/2022,3/31/2020,284000
A00000140,3/31/2023,6/30/2018,2273000
A00001548,5/31/2023,4/30/2022,127000
A00000302,6/30/2021,2/29/2020,205000
A00001394,3/31/2022,5/31/2021,757000
A00001406,12/31/2021,8/31/2021,210000
A00000244,11/30/2021,4/30/2019,538000
A00001401,10/31/2022,5/31/2021,1092000
A00001608,1/31/2023,8/31/2022,328000
A00001591,3/31/2023,7/31/2022,341000
A00000350,3/31/2023,7/31/2020,88000
A00000379,12/31/2021,1/31/2021,48000
A00000155,11/30/2022,1/31/2018,7692000
A00000421,2/28/2023,5/31/2021,186000
A00000124,6/30/2021,1/31/2018,103000
A00001401,5/31/2022,5/31/2021,843000
A00001557,11/30/2022,7/31/2022,2000
A00000346,3/31/2021,7/31/2020,59000
A00001478,1/31/2022,1/31/2022,2000
A00001489,4/30/2022,1/31/2022,11000
A00000124,7/31/2021,1/31/2018,122000
A00000162,7/31/2022,9/30/2018,125000
A00000423,8/31/2022,5/31/2021,226000
A00000039,8/31/2022,1/31/2018,5194000
A00000183,7/31/2022,12/31/2018,5110000
A00000387,7/31/2021,2/28/2021,106000
A00000172,5/31/2022,8/31/2018,548000
A00001591,1/31/2023,7/31/2022,227000
A00000379,3/31/2021,1/31/2021,5000
A00001397,6/30/2022,5/31/2021,2000
A00001412,4/30/2022,7/31/2021,10000
A00000393,5/31/2021,3/31/2021,9000
A00001645,12/31/2022,10/31/2022,58000
A00000400,9/30/2022,3/31/2021,3858000
A00000303,1/31/2023,3/31/2020,295000
A00000378,3/31/2021,12/31/2020,3000
A00001406,4/30/2023,8/31/2021,446000
A00000274,2/28/2023,10/31/2019,2615000
A00000005,11/30/2022,1/31/2018,11888000
A00001645,5/31/2023,10/31/2022,76000
A00001489,7/31/2022,1/31/2022,40000
A00000412,3/31/2023,6/30/2021,34000
A00000196,4/30/2022,3/31/2019,435000
A00001415,4/30/2023,8/31/2021,179000
A00001528,4/30/2022,4/30/2022,8000
A00001401,8/31/2022,5/31/2021,1197000
A00000411,5/31/2021,4/30/2021,274000
A00000150,10/31/2022,7/31/2018,1174000
A00000421,11/30/2021,5/31/2021,207000
A00000327,8/31/2022,4/30/2020,635000
A00000305,9/30/2021,7/31/2020,399000
A00000162,8/31/2021,9/30/2018,149000
A00001408,12/31/2021,7/31/2021,53000
A00001566,5/31/2023,6/30/2022,140000
A00001397,11/30/2022,5/31/2021,4000
A00000385,9/30/2022,1/31/2021,1097000
A00000148,4/30/2022,7/31/2018,20063000
A00001422,8/31/2021,8/31/2021,11000
A00000239,3/31/2022,3/31/2019,1096000
A00001478,7/31/2022,1/31/2022,58000
A00001551,12/31/2022,5/31/2022,123000
A00001592,11/30/2022,7/31/2022,21000
A00000405,4/30/2021,3/31/2021,49000
A00000261,6/30/2021,8/31/2019,324000
A00000379,6/30/2021,1/31/2021,17000
A00000155,9/30/2022,1/31/2018,7885000
A00000230,9/30/2022,1/31/2018,6577000
A00000215,2/28/2023,2/28/2019,9763000
A00000416,5/31/2022,4/30/2021,315000
A00000316,11/30/2022,4/30/2020,144364000
A00000379,6/30/2022,1/31/2021,48000
A00000350,5/31/2021,7/31/2020,59000
A00000374,1/31/2022,11/30/2020,335000
A00001522,9/30/2022,3/31/2022,36000
A00000385,5/31/2022,1/31/2021,1414000
A00000381,12/31/2021,1/31/2021,1407000
A00000242,11/30/2021,5/31/2019,5970000
A00000039,4/30/2022,1/31/2018,3811000
A00000303,2/28/2022,3/31/2020,734000
A00000148,6/30/2022,7/31/2018,26742000
A00000162,5/31/2022,9/30/2018,133000
A00000183,11/30/2021,12/31/2018,4663000
A00000216,10/31/2022,10/31/2018,2415000
A00000244,5/31/2023,4/30/2019,730000
A00000003,12/31/2022,1/31/2018,2314000
A00001400,9/30/2021,6/30/2021,394000
A00001566,10/31/2022,6/30/2022,146000
A00000326,11/30/2021,4/30/2020,17000
A00000274,9/30/2022,10/31/2019,2348000
A00000350,4/30/2022,7/31/2020,83000
A00000251,7/31/2021,7/31/2019,474000
A00000350,12/31/2022,7/31/2020,61000
A00001445,10/31/2022,10/31/2021,2774000
A00000372,9/30/2022,12/31/2020,4105000
A00000387,11/30/2022,2/28/2021,16000
A00001425,6/30/2022,8/31/2021,26000
A00000274,1/31/2022,10/31/2019,1247000
A00001406,7/31/2022,8/31/2021,1043000
A00000374,6/30/2022,11/30/2020,365000
A00000180,3/31/2021,11/30/2018,933000
A00001420,3/31/2022,8/31/2021,374000
A00000124,5/31/2022,1/31/2018,108000
A00000412,2/28/2023,6/30/2021,44000
A00001454,4/30/2022,11/30/2021,3000
A00000421,4/30/2023,5/31/2021,51000
A00000217,3/31/2023,4/30/2019,1759000
A00001544,10/31/2022,4/30/2022,82957000
A00001394,5/31/2022,5/31/2021,1724000
A00000326,7/31/2021,4/30/2020,1000
A00001406,9/30/2022,8/31/2021,1162000
A00000180,1/31/2022,11/30/2018,2118000
A00000355,8/31/2022,9/30/2020,6060000
A00000183,9/30/2022,12/31/2018,7378000
A00001470,4/30/2022,1/31/2022,861000
A00000191,10/31/2022,12/31/2018,422000
A00001394,7/31/2021,5/31/2021,552000
A00000372,4/30/2022,12/31/2020,3432000
A00001465,5/31/2023,1/31/2022,106000
A00000172,1/31/2023,8/31/2018,352000
A00001460,7/31/2022,12/31/2021,162000
A00000003,1/31/2023,1/31/2018,2410000
A00000337,11/30/2021,6/30/2020,863000
A00000150,9/30/2022,7/31/2018,1249000
A00001484,4/30/2022,1/31/2022,19000
A00001648,11/30/2022,10/31/2022,589000
A00000274,3/31/2022,10/31/2019,1538000
A00000341,8/31/2022,10/31/2020,24832000
A00000124,3/31/2021,1/31/2018,118000
A00001551,4/30/2023,5/31/2022,22000
A00001394,6/30/2022,5/31/2021,1407000
A00000006,2/28/2023,1/31/2018,374000
A00000162,3/31/2022,9/30/2018,176000
A00000212,2/28/2022,10/31/2019,5825000
A00000219,7/31/2022,1/31/2019,225000
A00001408,11/30/2021,7/31/2021,21000
A00001573,1/31/2023,6/30/2022,51000
A00000244,12/31/2021,4/30/2019,615000
A00000305,5/31/2021,7/31/2020,363000
A00001394,7/31/2022,5/31/2021,1346000
A00001421,5/31/2022,8/31/2021,328000
A00001528,7/31/2022,4/30/2022,7000
A00000337,3/31/2022,6/30/2020,422000
A00000285,12/31/2022,11/30/2019,260000
A00000399,5/31/2023,12/31/2021,3000
A00001400,8/31/2021,6/30/2021,325000
A00000216,6/30/2022,10/31/2018,2349000
A00001454,9/30/2022,11/30/2021,1000
A00000216,5/31/2023,10/31/2018,4117000
A00000407,6/30/2021,3/31/2021,117000
A00000293,7/31/2021,12/31/2019,47000
A00000303,6/30/2021,3/31/2020,1057000
A00000003,9/30/2022,1/31/2018,2871000
A00001515,2/28/2023,3/31/2022,1000
A00001422,9/30/2021,8/31/2021,16000
A00001484,6/30/2022,1/31/2022,16000
A00000261,2/28/2023,8/31/2019,293000
A00000302,10/31/2021,2/29/2020,277000
A00000390,12/31/2022,2/28/2021,7000
A00001539,6/30/2022,4/30/2022,73000
A00000242,7/31/2021,5/31/2019,4792000
A00001515,5/31/2022,3/31/2022,2000
A00000244,11/30/2022,4/30/2019,4221000
A00000305,3/31/2022,7/31/2020,521000
A00000416,10/31/2022,4/30/2021,236000
A00000355,2/28/2022,9/30/2020,732000
A00000405,11/30/2022,3/31/2021,38000
A00001585,3/31/2023,12/31/2022,2000
A00001477,8/31/2022,1/31/2022,16000
A00000350,3/31/2021,7/31/2020,80000
A00000333,9/30/2022,4/30/2020,15000
A00001445,2/28/2023,10/31/2021,6049000
A00000387,2/28/2022,2/28/2021,251000
A00001551,2/28/2023,5/31/2022,94000
A00000381,8/31/2021,1/31/2021,58000
A00000372,5/31/2023,12/31/2020,2782000
A00001494,3/31/2023,4/30/2022,17000
A00001522,10/31/2022,3/31/2022,39000
A00000244,6/30/2022,4/30/2019,2780000
A00000350,5/31/2023,7/31/2020,7000
A00000148,11/30/2022,7/31/2018,25134000
A00001437,10/31/2022,10/31/2021,20000
A00000216,5/31/2021,10/31/2018,868000
A00000385,10/31/2021,1/31/2021,931000
A00000316,3/31/2022,4/30/2020,212503000
A00000212,12/31/2021,10/31/2019,5573000
A00000397,6/30/2022,2/28/2021,194000
A00000379,8/31/2021,1/31/2021,26000
A00001480,9/30/2022,1/31/2022,370000
A00000397,9/30/2022,2/28/2021,1000
A00000372,8/31/2022,12/31/2020,4732000
A00000217,4/30/2023,4/30/2019,610000
A00001539,3/31/2023,4/30/2022,103000
A00001556,11/30/2022,4/30/2022,81000
A00000333,6/30/2022,4/30/2020,52000
A00000305,12/31/2021,7/31/2020,423000
A00000242,2/28/2023,5/31/2019,6146000
A00001592,9/30/2022,7/31/2022,9000
A00000256,11/30/2021,8/31/2019,10000
A00000242,3/31/2022,5/31/2019,9052000
A00000124,8/31/2022,1/31/2018,131000
A00000327,5/31/2022,4/30/2020,718000
A00001400,4/30/2022,6/30/2021,437000
A00001437,3/31/2023,10/31/2021,13000
A00001444,5/31/2023,6/30/2022,60000
A00001522,8/31/2022,3/31/2022,47000
A00000421,8/31/2022,5/31/2021,99000
A00000154,1/31/2023,8/31/2018,269000
A00000316,1/31/2023,4/30/2020,138450000
A00001480,12/31/2022,1/31/2022,535000
A00001550,10/31/2022,5/31/2022,43000
A00001397,8/31/2022,5/31/2021,5000
A00000416,4/30/2022,4/30/2021,313000
A00001416,1/31/2023,6/30/2021,2522000
A00000003,7/31/2021,1/31/2018,674000
A00000379,3/31/2022,1/31/2021,46000
A00000148,12/31/2021,7/31/2018,14295000
A00000421,4/30/2022,5/31/2021,319000
A00000140,2/28/2022,6/30/2018,2419000
A00000327,3/31/2022,4/30/2020,610000
A00000381,5/31/2023,1/31/2021,629000
A00001465,1/31/2022,1/31/2022,12000
A00000194,1/31/2023,3/31/2019,1000
A00000393,8/31/2022,3/31/2021,412000
A00000407,4/30/2022,3/31/2021,40000
A00000191,11/30/2022,12/31/2018,792000
A00000261,4/30/2023,8/31/2019,110000
A00000305,4/30/2022,7/31/2020,412000
A00000333,8/31/2021,4/30/2020,53000
A00000377,9/30/2021,1/31/2021,4000
A00000340,1/31/2023,6/30/2020,723000
A00000216,8/31/2022,10/31/2018,2496000
A00000339,9/30/2022,6/30/2020,145000
A00000326,1/31/2023,4/30/2020,7000
A00001648,5/31/2023,10/31/2022,349000
A00000162,9/30/2021,9/30/2018,124000
A00000354,4/30/2021,9/30/2020,39000
A00000196,11/30/2022,3/31/2019,378000
A00001412,1/31/2022,7/31/2021,15000
A00001465,12/31/2022,1/31/2022,115000
A00000339,5/31/2022,6/30/2020,146000
A00001465,3/31/2023,1/31/2022,149000
A00000382,5/31/2021,1/31/2021,152000
A00001394,5/31/2023,5/31/2021,305000
A00000341,9/30/2022,10/31/2020,21715000
A00000050,3/31/2023,1/31/2018,9000
A00000399,9/30/2022,12/31/2021,17000
A00001481,6/30/2022,3/31/2022,577000
A00000293,5/31/2021,12/31/2019,39000
A00000251,2/28/2023,7/31/2019,1753000
A00000285,11/30/2021,11/30/2019,328000
A00000323,8/31/2021,12/31/2020,5000
A00000381,1/31/2022,1/31/2021,2443000
A00001496,6/30/2022,2/28/2022,13000
A00000006,7/31/2022,1/31/2018,541000
A00001528,5/31/2023,4/30/2022,62000
A00001394,11/30/2021,5/31/2021,475000
A00000382,3/31/2022,1/31/2021,345000
A00000374,4/30/2021,11/30/2020,172000
A00000413,11/30/2021,4/30/2021,7000
A00000006,5/31/2023,1/31/2018,285000
A00001480,2/28/2023,1/31/2022,408000
A00001544,9/30/2022,4/30/2022,85523000
A00000340,11/30/2021,6/30/2020,1873000
A00000006,8/31/2021,1/31/2018,461000
A00000337,5/31/2022,6/30/2020,324000
A00000244,9/30/2022,4/30/2019,2536000
A00000387,5/31/2021,2/28/2021,2000
A00000305,4/30/2021,7/31/2020,494000
A00001539,2/28/2023,4/30/2022,66000
A00000302,7/31/2022,2/29/2020,342000
A00000340,10/31/2021,6/30/2020,1934000
A00000381,4/30/2023,1/31/2021,305000
A00000405,8/31/2021,3/31/2021,51000
A00000335,4/30/2021,5/31/2020,1000
A00000124,4/30/2023,1/31/2018,32000
A00001421,12/31/2021,8/31/2021,242000
A00001410,9/30/2021,7/31/2021,31000
A00001465,1/31/2023,1/31/2022,117000
A00001645,1/31/2023,10/31/2022,58000
A00001415,7/31/2022,8/31/2021,6436000
A00000340,12/31/2022,6/30/2020,507000
A00001489,10/31/2022,1/31/2022,15000
A00000148,5/31/2023,7/31/2018,6215000
A00000387,9/30/2022,2/28/2021,27000
A00001608,10/31/2022,8/31/2022,190000
A00001477,12/31/2022,1/31/2022,7000
A00001484,11/30/2022,1/31/2022,9000
A00000355,2/28/2023,9/30/2020,11413000
A00001421,11/30/2022,8/31/2021,562000
A00000196,5/31/2022,3/31/2019,569000
A00000333,3/31/2021,4/30/2020,93000
A00001415,4/30/2022,8/31/2021,7864000
A00000374,2/28/2022,11/30/2020,372000
A00000378,9/30/2021,12/31/2020,1000
A00001412,9/30/2021,7/31/2021,11000
A00001498,12/31/2022,2/28/2022,129000
A00000397,3/31/2021,2/28/2021,71000
A00000354,2/28/2022,9/30/2020,272000
A00000406,2/28/2022,3/31/2021,148000
A00001445,4/30/2022,10/31/2021,1068000
A00000411,4/30/2021,4/30/2021,130000
A00000339,6/30/2022,6/30/2020,108000
A00000305,6/30/2022,7/31/2020,280000
A00001719,2/28/2023,2/28/2023,560000
A00000377,1/31/2023,1/31/2021,4000
A00000381,4/30/2021,1/31/2021,1000
A00000382,3/31/2021,1/31/2021,83000
A00000206,3/31/2023,6/30/2018,3157000
A00000346,3/31/2022,7/31/2020,89000
A00001406,2/28/2023,8/31/2021,1195000
A00001648,10/31/2022,10/31/2022,349000
A00000385,8/31/2022,1/31/2021,2038000
A00000355,10/31/2021,9/30/2020,570000
A00000412,2/28/2022,6/30/2021,183000
A00000230,5/31/2023,1/31/2018,4167000
A00001480,2/28/2022,1/31/2022,15000
A00000140,8/31/2021,6/30/2018,1447000
A00001566,9/30/2022,6/30/2022,132000
A00000346,2/28/2022,7/31/2020,49000
A00000346,8/31/2022,7/31/2020,88000
A00001420,12/31/2021,8/31/2021,2000
A00001489,9/30/2022,1/31/2022,19000
A00001585,2/28/2023,12/31/2022,8000
A00000377,10/31/2021,1/31/2021,1000
A00001576,8/31/2022,6/30/2022,5000
A00001484,1/31/2023,1/31/2022,13000
A00000039,6/30/2022,1/31/2018,4851000
A00000124,5/31/2021,1/31/2018,90000
A00001551,5/31/2023,5/31/2022,105000
A00000148,2/28/2023,7/31/2018,11105000
A00000397,4/30/2021,2/28/2021,83000
A00000242,9/30/2021,5/31/2019,5702000
A00001477,11/30/2022,1/31/2022,5000
A00000406,8/31/2021,3/31/2021,127000
A00000382,7/31/2022,1/31/2021,348000
A00000387,6/30/2021,2/28/2021,20000
A00000377,3/31/2022,1/31/2021,1000
A00001477,7/31/2022,1/31/2022,11000
A00000341,4/30/2023,10/31/2020,7579000
A00000413,8/31/2021,4/30/2021,57000
A00001416,2/28/2023,6/30/2021,2434000
A00000303,7/31/2022,3/31/2020,350000
A00000180,5/31/2021,11/30/2018,1018000
A00000191,3/31/2023,12/31/2018,1143000
A00000327,3/31/2023,4/30/2020,143000
A00000244,3/31/2022,4/30/2019,3977000
A00000333,3/31/2022,4/30/2020,70000
A00001412,5/31/2022,7/31/2021,15000
A00000251,6/30/2021,7/31/2019,494000
A00000354,6/30/2022,9/30/2020,475000
A00001408,8/31/2022,7/31/2021,91000
A00000385,2/28/2022,1/31/2021,2315000
A00000421,11/30/2022,5/31/2021,146000
A00000407,8/31/2021,3/31/2021,16000
A00001410,5/31/2022,7/31/2021,4000
A00001478,9/30/2022,1/31/2022,41000
A00000341,6/30/2022,10/31/2020,37631000
A00000183,12/31/2021,12/31/2018,5354000
A00000393,9/30/2021,3/31/2021,15000
A00001422,3/31/2023,8/31/2021,30000
A00000397,6/30/2021,2/28/2021,64000
A00001432,9/30/2021,9/30/2021,3000
A00000372,10/31/2021,12/31/2020,3462000
A00000196,1/31/2023,3/31/2019,318000
A00000316,9/30/2021,4/30/2020,237653000
A00001566,12/31/2022,6/30/2022,124000
A00001415,11/30/2021,8/31/2021,4464000
A00000180,2/28/2022,11/30/2018,1506000
A00000155,1/31/2023,1/31/2018,9854000
A00001576,1/31/2023,6/30/2022,3000
A00000340,2/28/2023,6/30/2020,705000
A00001410,2/28/2022,7/31/2021,49000
A00001426,9/30/2021,8/31/2021,3000
A00001452,4/30/2022,3/31/2022,186000
A00000381,2/28/2022,1/31/2021,1801000
A00000150,4/30/2022,7/31/2018,844000
A00000381,6/30/2021,1/31/2021,7000
A00001481,3/31/2022,3/31/2022,21000
A00000397,8/31/2022,2/28/2021,85000
A00001397,3/31/2023,5/31/2021,2000
A00000377,8/31/2021,1/31/2021,3000
A00000206,8/31/2021,6/30/2018,1035000
A00001539,11/30/2022,4/30/2022,57000
A00000083,11/30/2022,3/31/2018,9000
A00001573,12/31/2022,6/30/2022,26000
A00000350,12/31/2021,7/31/2020,80000
A00000350,4/30/2023,7/31/2020,20000
A00001608,12/31/2022,8/31/2022,209000
A00001456,3/31/2022,11/30/2021,6899000
A00000405,1/31/2023,3/31/2021,4000
A00000003,5/31/2023,1/31/2018,2524000
A00000124,1/31/2022,1/31/2018,126000
A00000191,2/28/2022,12/31/2018,210000
A00001454,12/31/2021,11/30/2021,11000
A00001544,8/31/2022,4/30/2022,84391000
A00002404,3/31/2023,3/31/2023,37000
A00000172,10/31/2022,8/31/2018,558000
A00000405,7/31/2022,3/31/2021,49000
A00000379,11/30/2022,1/31/2021,74000
A00000374,12/31/2021,11/30/2020,153000
A00000072,3/31/2022,1/31/2018,553000
A00000421,2/28/2022,5/31/2021,277000
A00000346,7/31/2022,7/31/2020,45000
A00000387,7/31/2022,2/28/2021,102000
A00000244,2/28/2023,4/30/2019,1602000
A00001421,12/31/2022,8/31/2021,613000
A00000385,10/31/2022,1/31/2021,1006000
A00001592,4/30/2023,7/31/2022,2000
A00001437,5/31/2023,10/31/2021,15000
A00000194,12/31/2022,3/31/2019,7000
A00001556,9/30/2022,4/30/2022,103000
A00000333,12/31/2021,4/30/2020,28000
A00000423,12/31/2021,5/31/2021,259000
A00000387,3/31/2021,2/28/2021,61000
A00000206,12/31/2021,6/30/2018,1704000
A00000274,4/30/2022,10/31/2019,1518000
A00000216,3/31/2023,10/31/2018,4245000
A00000407,12/31/2021,3/31/2021,247000
A00001401,1/31/2023,5/31/2021,1648000
A00001445,12/31/2021,10/31/2021,10743000
A00001422,3/31/2022,8/31/2021,25000
A00001408,10/31/2022,7/31/2021,37000
A00001480,1/31/2022,1/31/2022,18000
A00000140,3/31/2022,6/30/2018,2863000
A00001544,1/31/2023,4/30/2022,84665000
A00000274,2/28/2022,10/31/2019,1253000
A00000212,8/31/2021,10/31/2019,8038000
A00000251,3/31/2022,7/31/2019,887000
A00000242,12/31/2021,5/31/2019,5943000
A00001573,3/31/2023,6/30/2022,65000
A00001465,5/31/2022,1/31/2022,43000
A00000140,5/31/2022,6/30/2018,2921000
A00000230,12/31/2022,1/31/2018,6792000
A00001528,10/31/2022,4/30/2022,17000
A00000194,4/30/2023,3/31/2019,4000
A00001426,8/31/2021,8/31/2021,2000
A00000400,1/31/2022,3/31/2021,2853000
A00000242,11/30/2022,5/31/2019,6275000
A00001410,8/31/2021,7/31/2021,8000
A00000072,1/31/2023,1/31/2018,908000
A00000216,12/31/2022,10/31/2018,2702000
A00000109,1/31/2023,1/31/2018,17000
A00000302,11/30/2022,2/29/2020,1851000
A00000400,3/31/2022,3/31/2021,4302000
A00000355,12/31/2021,9/30/2020,668000
A00001484,5/31/2023,1/31/2022,6000
A00000244,10/31/2021,4/30/2019,1023000
A00000140,10/31/2021,6/30/2018,1584000
A00000003,10/31/2021,1/31/2018,721000
A00001412,8/31/2021,7/31/2021,10000
A00001674,11/30/2022,11/30/2022,144000
A00001415,9/30/2022,8/31/2021,2540000
A00000316,3/31/2023,4/30/2020,124411000
A00001454,1/31/2022,11/30/2021,19000
A00000261,9/30/2021,8/31/2019,437000
A00000242,9/30/2022,5/31/2019,7627000
A00001400,7/31/2021,6/30/2021,261000
A00001551,11/30/2022,5/31/2022,123000
A00000381,3/31/2023,1/31/2021,982000
A00000423,10/31/2021,5/31/2021,284000
A00001420,6/30/2022,8/31/2021,325000
A00001425,10/31/2022,8/31/2021,24000
A00000374,3/31/2021,11/30/2020,201000
A00001544,6/30/2022,4/30/2022,72152000
A00000219,10/31/2022,1/31/2019,34000
A00000421,3/31/2023,5/31/2021,185000
A00000242,4/30/2021,5/31/2019,4559000
A00001505,8/31/2022,2/28/2022,949000
A00000149,12/31/2022,7/31/2018,719000
A00000006,2/28/2022,1/31/2018,382000
A00000261,12/31/2022,8/31/2019,469000
A00000261,6/30/2022,8/31/2019,467000
A00001437,2/28/2023,10/31/2021,23000
A00000172,1/31/2022,8/31/2018,251000
A00001484,3/31/2022,1/31/2022,10000
A00001406,10/31/2022,8/31/2021,1057000
A00000316,2/28/2022,4/30/2020,223268000
A00000340,6/30/2022,6/30/2020,1371000
A00000341,10/31/2022,10/31/2020,22510000
A00000148,7/31/2022,7/31/2018,23913000
A00001518,6/30/2022,6/30/2022,3000
A00000405,11/30/2021,3/31/2021,39000
A00001556,12/31/2022,4/30/2022,94000
A00000346,1/31/2023,7/31/2020,63000
A00000293,4/30/2021,12/31/2019,4000
A00000327,6/30/2022,4/30/2020,710000
A00000216,7/31/2022,10/31/2018,2033000
A00000219,4/30/2022,1/31/2019,249000
A00001408,4/30/2022,7/31/2021,46000
A00001592,3/31/2023,7/31/2022,21000
A00000407,1/31/2022,3/31/2021,282000
A00000216,4/30/2023,10/31/2018,1763000
A00000217,7/31/2022,4/30/2019,1256000
A00000316,5/31/2021,4/30/2020,336908000
A00000302,9/30/2022,2/29/2020,659000
A00000390,7/31/2021,2/28/2021,20000
A00000274,11/30/2021,10/31/2019,1032000
A00000216,11/30/2021,10/31/2018,1461000
A00000155,2/28/2023,1/31/2018,7964000
A00000149,10/31/2022,7/31/2018,728000
A00000355,11/30/2021,9/30/2020,620000
A00000379,4/30/2023,1/31/2021,22000
A00001437,11/30/2021,10/31/2021,8000
A00001539,9/30/2022,4/30/2022,66000
A00000423,6/30/2022,5/31/2021,318000
A00001550,1/31/2023,5/31/2022,56000
A00001489,6/30/2022,1/31/2022,22000
A00000162,10/31/2022,9/30/2018,210000
A00001489,2/28/2022,1/31/2022,6000
A00000140,12/31/2021,6/30/2018,2380000
A00001408,9/30/2021,7/31/2021,18000
A00000303,12/31/2021,3/31/2020,960000
A00000355,6/30/2021,9/30/2020,100000
A00000109,5/31/2023,1/31/2018,16000
A00001425,5/31/2022,8/31/2021,16000
A00001522,5/31/2023,3/31/2022,50000
A00000050,7/31/2022,1/31/2018,3000
A00001437,10/31/2021,10/31/2021,5000
A00000327,12/31/2022,4/30/2020,130000
A00000337,1/31/2022,6/30/2020,743000
A00000072,11/30/2022,1/31/2018,925000
A00000423,11/30/2021,5/31/2021,244000
A00001477,2/28/2022,1/31/2022,6000
A00001576,5/31/2023,6/30/2022,3000
A00000354,5/31/2021,9/30/2020,92000
A00001505,6/30/2022,2/28/2022,1297000
A00000421,5/31/2023,5/31/2021,135000
A00000390,7/31/2022,2/28/2021,2000
A00001465,4/30/2023,1/31/2022,56000
A00000340,9/30/2022,6/30/2020,1510000
A00000326,3/31/2023,4/30/2020,13000
A00000385,1/31/2022,1/31/2021,1932000
A00000219,9/30/2022,1/31/2019,4000
A00000333,7/31/2021,4/30/2020,48000
A00001539,8/31/2022,4/30/2022,80000
A00001557,12/31/2022,7/31/2022,2000
A00000372,1/31/2023,12/31/2020,3975000
A00000333,11/30/2022,4/30/2020,9000
A00001420,1/31/2023,8/31/2021,665000
A00000340,2/28/2022,6/30/2020,1435000
A00002429,3/31/2023,3/31/2023,2000
A00001470,10/31/2022,1/31/2022,1785000
A00000172,6/30/2021,8/31/2018,114000
A00000390,5/31/2021,2/28/2021,10000
A00001547,1/31/2023,6/30/2022,3000
A00001452,12/31/2022,3/31/2022,93000
A00000302,9/30/2021,2/29/2020,274000
A00000406,7/31/2021,3/31/2021,136000
A00000400,4/30/2022,3/31/2021,4696000
A00000217,6/30/2022,4/30/2019,1107000
A00000346,12/31/2022,7/31/2020,75000
A00000350,9/30/2022,7/31/2020,52000
A00000421,10/31/2021,5/31/2021,221000
A00001528,12/31/2022,4/30/2022,66000
A00001421,1/31/2023,8/31/2021,597000
A00001573,7/31/2022,6/30/2022,40000
A00000316,9/30/2022,4/30/2020,177375000
A00001489,1/31/2022,1/31/2022,3000
A00000261,5/31/2021,8/31/2019,335000
A00000180,3/31/2022,11/30/2018,1237000
A00000239,9/30/2022,3/31/2019,1280000
A00001645,2/28/2023,10/31/2022,67000
A00000355,5/31/2022,9/30/2020,4415000
A00000259,4/30/2023,9/30/2019,6000
A00000039,12/31/2022,1/31/2018,5530000
A00000006,10/31/2022,1/31/2018,496000
A00000216,11/30/2022,10/31/2018,2663000
A00001496,4/30/2022,2/28/2022,24000
A00000124,8/31/2021,1/31/2018,85000
A00000302,7/31/2021,2/29/2020,191000
A00000005,10/31/2022,1/31/2018,11260000
A00001470,2/28/2022,1/31/2022,1374000
A00001445,5/31/2022,10/31/2021,2811000
A00000355,7/31/2021,9/30/2020,113000
A00000124,12/31/2021,1/31/2018,96000
A00001410,7/31/2021,7/31/2021,8000
A00000340,6/30/2021,6/30/2020,2632000
A00000003,11/30/2021,1/31/2018,761000
A00000031,3/31/2021,1/31/2018,28000
A00000387,8/31/2021,2/28/2021,3000
A00001544,5/31/2023,4/30/2022,10998000
A00000194,3/31/2023,3/31/2019,6000
A00001657,3/31/2023,11/30/2022,185000
A00001422,12/31/2021,8/31/2021,31000
A00000378,2/28/2023,12/31/2020,5000
A00000355,12/31/2022,9/30/2020,7941000
A00000191,1/31/2023,12/31/2018,1324000
A00000083,1/31/2023,3/31/2018,7000
A00000206,10/31/2022,6/30/2018,3003000
A00001478,6/30/2022,1/31/2022,67000
A00001674,3/31/2023,11/30/2022,359000
A00000217,8/31/2022,4/30/2019,1550000
A00000162,5/31/2021,9/30/2018,119000
A00000333,2/28/2022,4/30/2020,30000
A00000212,11/30/2021,10/31/2019,4882000
A00000421,7/31/2022,5/31/2021,87000
A00000251,10/31/2021,7/31/2019,606000
A00000124,11/30/2021,1/31/2018,90000
A00000124,9/30/2021,1/31/2018,63000
A00001397,8/31/2021,5/31/2021,5000
A00000003,8/31/2021,1/31/2018,847000
A00000172,10/31/2021,8/31/2018,155000
A00001719,5/31/2023,2/28/2023,753000
A00000333,7/31/2022,4/30/2020,33000
A00000006,7/31/2021,1/31/2018,360000
A00001494,4/30/2023,4/30/2022,4000
A00000350,6/30/2022,7/31/2020,74000
A00000399,6/30/2022,12/31/2021,14000
A00000350,9/30/2021,7/31/2020,46000
A00001480,5/31/2023,1/31/2022,483000
A00000256,2/28/2022,8/31/2019,3000
A00001406,8/31/2021,8/31/2021,93000
A00000006,11/30/2021,1/31/2018,421000
A00000216,8/31/2021,10/31/2018,1123000
A00000155,4/30/2023,1/31/2018,2691000
A00000390,3/31/2021,2/28/2021,2000
A00001548,4/30/2023,4/30/2022,26000
A00000109,11/30/2022,1/31/2018,9000
A00000379,10/31/2022,1/31/2021,71000
A00000381,10/31/2021,1/31/2021,2000
A00000183,10/31/2021,12/31/2018,4759000
A00000379,2/28/2023,1/31/2021,71000
A00000374,8/31/2022,11/30/2020,356000
A00001421,8/31/2022,8/31/2021,482000
A00001437,4/30/2023,10/31/2021,2000
A00000216,3/31/2021,10/31/2018,227000
A00001564,10/31/2022,7/31/2022,3000
A00001484,3/31/2023,1/31/2022,33000
A00000172,11/30/2022,8/31/2018,445000
A00000242,6/30/2022,5/31/2019,11485000
A00001456,6/30/2022,11/30/2021,7103000
A00000050,8/31/2022,1/31/2018,6000
A00000405,12/31/2022,3/31/2021,49000
A00000305,10/31/2022,7/31/2020,206000
A00000206,6/30/2022,6/30/2018,2292000
A00001557,10/31/2022,7/31/2022,1000
A00001496,5/31/2023,2/28/2022,8000
A00000285,4/30/2023,11/30/2019,93000
A00000303,8/31/2022,3/31/2020,371000
A00000327,11/30/2022,4/30/2020,181000
A00001608,4/30/2023,8/31/2022,95000
A00000354,12/31/2021,9/30/2020,547000
A00001470,5/31/2022,1/31/2022,1165000
A00001494,12/31/2022,4/30/2022,14000
A00000378,12/31/2022,12/31/2020,4000
A00000405,10/31/2022,3/31/2021,56000
A00000285,1/31/2022,11/30/2019,384000
A00001478,4/30/2023,1/31/2022,17000
A00000274,7/31/2022,10/31/2019,1643000
A00000261,3/31/2023,8/31/2019,329000
A00000140,11/30/2022,6/30/2018,2015000
A00001460,2/28/2022,12/31/2021,21000
A00000381,10/31/2022,1/31/2021,1003000
A00001422,5/31/2022,8/31/2021,11000
A00000162,10/31/2021,9/30/2018,136000
A00000140,4/30/2023,6/30/2018,497000
A00000381,11/30/2021,1/31/2021,31000
A00000239,7/31/2022,3/31/2019,1255000
A00000412,5/31/2022,6/30/2021,155000
A00000274,4/30/2023,10/31/2019,971000
A00001397,7/31/2022,5/31/2021,1000
A00000379,3/31/2023,1/31/2021,86000
A00000337,10/31/2021,6/30/2020,786000
A00001477,9/30/2022,1/31/2022,7000
A00000251,4/30/2023,7/31/2019,699000
A00000316,8/31/2021,4/30/2020,216849000
A00000346,11/30/2022,7/31/2020,79000
A00000039,11/30/2022,1/31/2018,5248000
A00000150,11/30/2022,7/31/2018,1430000
A00000303,10/31/2022,3/31/2020,276000
A00000339,4/30/2023,6/30/2020,38000
A00000191,5/31/2022,12/31/2018,132000
A00000407,5/31/2022,3/31/2021,28000
A00001397,9/30/2022,5/31/2021,4000
A00001481,4/30/2022,3/31/2022,423000
A00001415,11/30/2022,8/31/2021,910000
A00001494,5/31/2022,4/30/2022,62000
A00001400,3/31/2022,6/30/2021,500000
A00000397,1/31/2022,2/28/2021,155000
A00000194,2/28/2023,3/31/2019,3000
A00000379,1/31/2022,1/31/2021,37000
A00000354,7/31/2021,9/30/2020,96000
A00000374,9/30/2022,11/30/2020,388000
A00000124,1/31/2023,1/31/2018,112000
A00000172,9/30/2021,8/31/2018,156000
A00001547,5/31/2023,6/30/2022,3000
A00000251,11/30/2021,7/31/2019,625000
A00000196,3/31/2022,3/31/2019,534000
A00000341,7/31/2022,10/31/2020,34942000
A00001437,5/31/2022,10/31/2021,2000
A00000162,8/31/2022,9/30/2018,134000
A00001452,6/30/2022,3/31/2022,112000
A00001496,7/31/2022,2/28/2022,17000
A00000003,4/30/2022,1/31/2018,1228000
A00001410,3/31/2022,7/31/2021,35000
A00000242,1/31/2023,5/31/2019,7493000
A00000413,7/31/2021,4/30/2021,2000
A00000350,5/31/2022,7/31/2020,77000
A00000244,1/31/2022,4/30/2019,724000
A00000382,9/30/2021,1/31/2021,295000
A00000326,8/31/2022,4/30/2020,10000
A00001674,1/31/2023,11/30/2022,290000
A00001556,1/31/2023,4/30/2022,97000
A00000341,11/30/2022,10/31/2020,18698000
A00000390,5/31/2022,2/28/2021,6000
A00000421,3/31/2022,5/31/2021,316000
A00000109,12/31/2022,1/31/2018,7000
A00000405,6/30/2021,3/31/2021,53000
A00001394,1/31/2023,5/31/2021,486000
A00001410,1/31/2022,7/31/2021,84000
A00000411,7/31/2021,4/30/2021,2331000
A00000050,2/28/2023,1/31/2018,2000
A00000162,7/31/2021,9/30/2018,113000
A00000323,5/31/2021,12/31/2020,6000
A00001394,8/31/2021,5/31/2021,634000
A00000412,10/31/2022,6/30/2021,136000
A00000372,11/30/2021,12/31/2020,3531000
A00000354,11/30/2021,9/30/2020,857000
A00000387,12/31/2021,2/28/2021,192000
A00001420,2/28/2022,8/31/2021,382000
A00001452,3/31/2022,3/31/2022,165000
A00001484,12/31/2022,1/31/2022,14000
A00000316,7/31/2021,4/30/2020,165090000
A00001591,8/31/2022,7/31/2022,161000
A00000400,4/30/2023,3/31/2021,1320000
A00001531,5/31/2022,3/31/2022,74000
A00000244,3/31/2023,4/30/2019,1172000
A00000390,3/31/2023,2/28/2021,8000
A00001416,9/30/2022,6/30/2021,2460000
A00000374,1/31/2023,11/30/2020,210000
A00000212,7/31/2021,10/31/2019,7640000
A00000251,8/31/2022,7/31/2019,1219000
A00000148,6/30/2021,7/31/2018,7560000
A00000354,3/31/2022,9/30/2020,277000
A00001528,6/30/2022,4/30/2022,12000
A00001539,1/31/2023,4/30/2022,63000
A00001445,1/31/2022,10/31/2021,11482000
A00000217,1/31/2023,4/30/2019,1240000
A00000285,10/31/2022,11/30/2019,489000
A00000251,5/31/2023,7/31/2019,1124000
A00000242,3/31/2021,5/31/2019,4864000
A00001394,9/30/2021,5/31/2021,611000
A00000124,4/30/2021,1/31/2018,124000
A00001556,2/28/2023,4/30/2022,86000
A00000261,8/31/2021,8/31/2019,432000
A00000333,12/31/2022,4/30/2020,35000
A00001505,10/31/2022,2/28/2022,577000
A00000285,9/30/2021,11/30/2019,519000
A00000421,1/31/2023,5/31/2021,181000
A00000206,2/28/2022,6/30/2018,1977000
A00000206,9/30/2021,6/30/2018,1044000
A00000333,5/31/2023,4/30/2020,27000
A00001445,12/31/2022,10/31/2021,3712000
A00000337,7/31/2021,6/30/2020,743000
A00000407,5/31/2021,3/31/2021,12000
A00001550,4/30/2023,5/31/2022,21000
A00000341,5/31/2023,10/31/2020,15984000
A00000183,6/30/2022,12/31/2018,5253000
A00000412,6/30/2022,6/30/2021,137000
A00000039,10/31/2022,1/31/2018,5052000
A00000239,5/31/2022,3/31/2019,1231000
A00000423,3/31/2022,5/31/2021,623000
A00000378,6/30/2021,12/31/2020,1000
A00000149,5/31/2023,7/31/2018,607000
A00000150,7/31/2022,7/31/2018,1376000
A00001401,5/31/2021,5/31/2021,6000
A00001397,3/31/2022,5/31/2021,6000
A00002429,4/30/2023,3/31/2023,2000
A00000378,1/31/2023,12/31/2020,47000
A00001547,9/30/2022,6/30/2022,2000
A00000350,6/30/2021,7/31/2020,84000
A00000413,12/31/2021,4/30/2021,1000
A00000140,7/31/2021,6/30/2018,1574000
A00001422,8/31/2022,8/31/2021,33000
A00000039,7/31/2022,1/31/2018,4206000
A00000400,10/31/2022,3/31/2021,4034000
A00000124,9/30/2022,1/31/2018,106000
A00001496,10/31/2022,2/28/2022,17000
A00000006,9/30/2021,1/31/2018,463000
A00000261,7/31/2022,8/31/2019,358000
A00001460,1/31/2022,12/31/2021,1000
A00000261,4/30/2022,8/31/2019,421000
A00000274,5/31/2023,10/31/2019,1902000
A00000217,10/31/2022,4/30/2019,1300000
A00000285,5/31/2023,11/30/2019,208000
A00001591,4/30/2023,7/31/2022,93000
A00000274,6/30/2022,10/31/2019,1750000
A00001422,9/30/2022,8/31/2021,21000
A00001477,10/31/2022,1/31/2022,13000
A00000039,5/31/2022,1/31/2018,4217000
A00000381,5/31/2021,1/31/2021,3000
A00000337,1/31/2023,6/30/2020,15000
A00001406,5/31/2022,8/31/2021,1049000
A00000397,7/31/2022,2/28/2021,144000
A00001425,12/31/2022,8/31/2021,29000
A00000289,2/28/2023,12/31/2019,460000
A00000148,8/31/2022,7/31/2018,26429000
A00001416,10/31/2022,6/30/2021,2112000
A00000242,5/31/2021,5/31/2019,5038000
A00000006,6/30/2022,1/31/2018,660000
A00001515,7/31/2022,3/31/2022,1000
A00000050,12/31/2022,1/31/2018,10000
A00000006,12/31/2021,1/31/2018,364000
A00001397,12/31/2021,5/31/2021,3000
A00001484,7/31/2022,1/31/2022,12000
A00000148,8/31/2021,7/31/2018,11356000
A00001415,8/31/2022,8/31/2021,4147000
A00000003,2/28/2023,1/31/2018,2404000
A00000381,8/31/2022,1/31/2021,3111000
A00000350,11/30/2021,7/31/2020,71000
A00000413,2/28/2022,4/30/2021,1000
A00000242,12/31/2022,5/31/2019,6245000
A00000212,9/30/2021,10/31/2019,9237000
A00000412,9/30/2022,6/30/2021,91000
A00001470,6/30/2022,1/31/2022,1291000
A00000354,8/31/2021,9/30/2020,247000
A00000162,2/28/2022,9/30/2018,116000
A00000217,2/28/2023,4/30/2019,1374000
A00001591,5/31/2023,7/31/2022,155000
A00001465,2/28/2023,1/31/2022,108000
A00000274,8/31/2021,10/31/2019,924000
A00000039,3/31/2022,1/31/2018,3989000
A00000244,5/31/2022,4/30/2019,1949000
A00001585,1/31/2023,12/31/2022,6000
A00000303,4/30/2022,3/31/2020,633000
A00001494,11/30/2022,4/30/2022,18000
A00001576,2/28/2023,6/30/2022,7000
A00000333,6/30/2021,4/30/2020,56000
A00000261,8/31/2022,8/31/2019,473000
A00001556,3/31/2023,4/30/2022,131000
A00001412,7/31/2021,7/31/2021,21000
A00001465,2/28/2022,1/31/2022,5000
A00000242,5/31/2023,5/31/2019,6292000
A00000172,11/30/2021,8/31/2018,209000
A00000327,10/31/2022,4/30/2020,322000
A00000302,12/31/2021,2/29/2020,342000
A00000377,2/28/2023,1/31/2021,1000
A00001547,3/31/2023,6/30/2022,4000
A00001719,4/30/2023,2/28/2023,223000
A00000150,5/31/2023,7/31/2018,1234000
A00000303,3/31/2023,3/31/2020,1025000
A00000339,3/31/2023,6/30/2020,95000
A00000381,3/31/2022,1/31/2021,1120000
A00000385,4/30/2021,1/31/2021,95000
A00000337,9/30/2021,6/30/2020,581000
A00000006,5/31/2022,1/31/2018,570000
A00000305,10/31/2021,7/31/2020,473000
A00000039,2/28/2022,1/31/2018,3336000
A00000191,4/30/2023,12/31/2018,400000
A00001421,10/31/2021,8/31/2021,191000
A00000350,7/31/2021,7/31/2020,75000
A00000374,11/30/2021,11/30/2020,125000
A00001528,2/28/2023,4/30/2022,47000
A00001420,2/28/2023,8/31/2021,786000
A00000316,3/31/2021,4/30/2020,293686000
A00001484,4/30/2023,1/31/2022,2000
A00001415,1/31/2022,8/31/2021,5975000
A00000372,4/30/2023,12/31/2020,1253000
A00001551,3/31/2023,5/31/2022,120000
A00000183,4/30/2022,12/31/2018,4961000
A00000230,3/31/2023,1/31/2018,6763000
A00000149,1/31/2023,7/31/2018,850000
A00001539,7/31/2022,4/30/2022,74000
A00001400,12/31/2021,6/30/2021,465000
A00001421,9/30/2022,8/31/2021,440000
A00001505,5/31/2022,2/28/2022,1043000
A00001406,11/30/2021,8/31/2021,48000
A00000194,5/31/2023,3/31/2019,8000
A00000407,4/30/2021,3/31/2021,5000
A00000261,5/31/2022,8/31/2019,433000
A00001412,2/28/2022,7/31/2021,7000
A00001421,4/30/2023,8/31/2021,194000
A00000003,9/30/2021,1/31/2018,744000
A00000183,1/31/2022,12/31/2018,6364000
A00000251,1/31/2022,7/31/2019,1007000
A00000372,3/31/2023,12/31/2020,3630000
A00000285,4/30/2022,11/30/2019,336000
A00000150,12/31/2022,7/31/2018,1577000
A00000378,5/31/2021,12/31/2020,2000
A00001547,8/31/2022,6/30/2022,2000
A00000337,8/31/2021,6/30/2020,435000
A00001421,1/31/2022,8/31/2021,260000
A00000405,7/31/2021,3/31/2021,37000
A00001566,3/31/2023,6/30/2022,198000
A00001477,3/31/2023,1/31/2022,5000
A00000327,9/30/2022,4/30/2020,628000
A00000382,4/30/2021,1/31/2021,98000
A00000326,5/31/2022,4/30/2020,16000
A00000072,12/31/2021,1/31/2018,489000
A00000242,8/31/2021,5/31/2019,5318000
A00000183,5/31/2022,12/31/2018,4914000
A00000412,4/30/2023,6/30/2021,8000
A00001460,12/31/2021,12/31/2021,4000
A00000302,1/31/2022,2/29/2020,410000
A00001496,1/31/2023,2/28/2022,19000
A00001421,2/28/2022,8/31/2021,242000
A00000382,12/31/2021,1/31/2021,287000
A00001515,10/31/2022,3/31/2022,1000
A00000274,3/31/2021,10/31/2019,759000
A00000155,3/31/2023,1/31/2018,7968000
A00000340,12/31/2021,6/30/2020,1719000
A00000003,8/31/2022,1/31/2018,2670000
A00000411,6/30/2021,4/30/2021,508000
A00000256,10/31/2021,8/31/2019,6000
A00001515,3/31/2023,3/31/2022,1000
A00000183,12/31/2022,12/31/2018,5727000
A00000003,2/28/2022,1/31/2018,939000
A00001421,3/31/2023,8/31/2021,465000
A00001674,5/31/2023,11/30/2022,241000
A00000154,5/31/2023,8/31/2018,265000
A00001437,4/30/2022,10/31/2021,4000
A00001406,5/31/2023,8/31/2021,1179000
A00000316,7/31/2022,4/30/2020,127186000
A00000377,10/31/2022,1/31/2021,5000
A00001406,6/30/2022,8/31/2021,1138000
A00000050,11/30/2022,1/31/2018,7000
A00001573,2/28/2023,6/30/2022,69000
A00000327,1/31/2023,4/30/2020,124000
A00002404,5/31/2023,3/31/2023,35000
A00000379,5/31/2021,1/31/2021,22000
A00001528,8/31/2022,4/30/2022,22000
A00001556,8/31/2022,4/30/2022,361000
A00000385,3/31/2021,1/31/2021,9000
A00001408,9/30/2022,7/31/2021,112000
A00000400,5/31/2023,3/31/2021,4386000
A00002412,5/31/2023,3/31/2023,11000
A00001489,8/31/2022,1/31/2022,23000
A00001550,12/31/2022,5/31/2022,45000
A00000072,8/31/2022,1/31/2018,669000
A00001557,1/31/2023,7/31/2022,2000
A00001648,12/31/2022,10/31/2022,606000
A00001518,7/31/2022,6/30/2022,8000
A00000378,1/31/2022,12/31/2020,2000
A00000326,5/31/2021,4/30/2020,2000
A00001591,7/31/2022,7/31/2022,21000
A00000302,5/31/2021,2/29/2020,210000
A00000109,2/28/2023,1/31/2018,21000
A00001550,2/28/2023,5/31/2022,63000
A00000407,10/31/2021,3/31/2021,98000
A00000172,4/30/2021,8/31/2018,79000
A00000183,8/31/2021,12/31/2018,5264000
A00001470,11/30/2022,1/31/2022,1486000
A00000239,12/31/2022,3/31/2019,1320000
A00001478,3/31/2022,1/31/2022,13000
A00000340,5/31/2023,6/30/2020,787000
A00001548,2/28/2023,4/30/2022,53000
A00000326,9/30/2022,4/30/2020,8000
A00000372,10/31/2022,12/31/2020,4510000
A00000393,8/31/2021,3/31/2021,16000
A00000083,3/31/2023,3/31/2018,5000
A00000416,9/30/2022,4/30/2021,305000
A00000261,2/28/2022,8/31/2019,424000
A00001478,2/28/2023,1/31/2022,52000
A00001415,10/31/2021,8/31/2021,3628000
A00000003,12/31/2021,1/31/2018,899000
A00001416,6/30/2022,6/30/2021,172000
A00001489,12/31/2022,1/31/2022,6000
A00001425,5/31/2023,8/31/2021,20000
A00000326,5/31/2023,4/30/2020,14000
A00000191,9/30/2022,12/31/2018,206000
A00001478,12/31/2022,1/31/2022,44000
A00000379,8/31/2022,1/31/2021,63000
A00000346,10/31/2021,7/31/2020,134000
A00000378,5/31/2023,12/31/2020,2000
A00001400,11/30/2021,6/30/2021,513000
A00000242,8/31/2022,5/31/2019,10686000
A00000372,5/31/2021,12/31/2020,2368000
A00001454,6/30/2022,11/30/2021,5000
A00001547,6/30/2022,6/30/2022,4000
A00000242,3/31/2023,5/31/2019,7843000
A00001460,4/30/2022,12/31/2021,108000
A00000006,4/30/2023,1/31/2018,148000
A00001401,1/31/2022,5/31/2021,15000
A00001505,2/28/2022,2/28/2022,588000
A00000302,1/31/2023,2/29/2020,1933000
A00001550,6/30/2022,5/31/2022,23000
A00001477,2/28/2023,1/31/2022,7000
A00000230,10/31/2022,1/31/2018,6388000
A00000217,11/30/2022,4/30/2019,1228000
A00000406,10/31/2021,3/31/2021,181000
A00000337,2/28/2022,6/30/2020,757000
A00000316,12/31/2021,4/30/2020,289250000
A00001437,9/30/2022,10/31/2021,5000
A00001547,4/30/2023,6/30/2022,1000
A00000072,4/30/2022,1/31/2018,517000
A00001397,5/31/2022,5/31/2021,4000
A00001406,1/31/2022,8/31/2021,260000
A00000405,12/31/2021,3/31/2021,54000
A00000326,2/28/2022,4/30/2020,23000
A00000374,5/31/2022,11/30/2020,358000
A00000405,1/31/2022,3/31/2021,52000
A00000251,4/30/2021,7/31/2019,466000
A00001531,6/30/2022,3/31/2022,11000
A00000387,4/30/2022,2/28/2021,354000
A00001394,6/30/2021,5/31/2021,150000
A00001494,2/28/2023,4/30/2022,23000
A00001437,3/31/2022,10/31/2021,8000
A00001505,4/30/2022,2/28/2022,893000
A00001494,1/31/2023,4/30/2022,8000
A00000216,4/30/2022,10/31/2018,1661000
A00000405,3/31/2021,3/31/2021,22000
A00001401,11/30/2022,5/31/2021,2775000
A00000413,4/30/2021,4/30/2021,1000
A00001496,11/30/2022,2/28/2022,27000
A00000316,6/30/2021,4/30/2020,176036000
A00000183,8/31/2022,12/31/2018,6521000
A00001444,6/30/2022,6/30/2022,96000
A00000387,1/31/2022,2/28/2021,181000
A00000423,5/31/2022,5/31/2021,278000
A00000154,4/30/2023,8/31/2018,88000
A00000333,4/30/2022,4/30/2020,56000
A00001556,6/30/2022,4/30/2022,104000
A00000124,12/31/2022,1/31/2018,100000
A00001470,7/31/2022,1/31/2022,1977000
A00000261,7/31/2021,8/31/2019,311000
A00000326,1/31/2022,4/30/2020,9000
A00001444,10/31/2022,6/30/2022,46000
A00001425,2/28/2023,8/31/2021,31000
A00000379,4/30/2021,1/31/2021,13000
A00000372,11/30/2022,12/31/2020,4319000
A00001576,6/30/2022,6/30/2022,7000
A00000377,11/30/2022,1/31/2021,1000
A00001494,7/31/2022,4/30/2022,79000
A00000326,9/30/2021,4/30/2020,3000
A00001401,12/31/2021,5/31/2021,3354000
A00000387,9/30/2021,2/28/2021,88000
A00000261,12/31/2021,8/31/2019,460000
A00001480,3/31/2023,1/31/2022,650000
A00000421,8/31/2021,5/31/2021,208000
A00000385,9/30/2021,1/31/2021,917000
A00001397,10/31/2022,5/31/2021,8000
A00001480,5/31/2022,1/31/2022,19000
A00000242,4/30/2023,5/31/2019,2979000
A00000407,3/31/2022,3/31/2021,105000
A00000124,2/28/2022,1/31/2018,99000
A00000406,3/31/2022,3/31/2021,208000
A00000293,9/30/2021,12/31/2019,32000
A00001394,2/28/2023,5/31/2021,471000
A00000039,3/31/2023,1/31/2018,5060000
A00000274,12/31/2021,10/31/2019,1146000
A00001489,3/31/2022,1/31/2022,14000
A00001422,10/31/2021,8/31/2021,26000
A00000387,11/30/2021,2/28/2021,500000
A00001515,12/31/2022,3/31/2022,2000
A00001566,7/31/2022,6/30/2022,127000
A00001397,1/31/2022,5/31/2021,6000
A00001416,12/31/2022,6/30/2021,2438000
A00001397,10/31/2021,5/31/2021,3000
A00000242,7/31/2022,5/31/2019,9637000
A00001591,9/30/2022,7/31/2022,189000
A00000412,12/31/2021,6/30/2021,200000
A00000354,3/31/2021,9/30/2020,58000
A00000385,4/30/2022,1/31/2021,1671000
A00000302,3/31/2021,2/29/2020,295000
A00000381,4/30/2022,1/31/2021,1172000
A00000372,9/30/2021,12/31/2020,3146000
A00000162,5/31/2023,9/30/2018,140000
A00000374,8/31/2021,11/30/2020,100000
A00000355,3/31/2022,9/30/2020,2003000
A00001465,3/31/2022,1/31/2022,14000
A00001394,11/30/2022,5/31/2021,663000
A00001591,12/31/2022,7/31/2022,260000
A00000274,10/31/2021,10/31/2019,908000
A00001496,4/30/2023,2/28/2022,10000
A00000412,1/31/2022,6/30/2021,165000
A00000196,7/31/2022,3/31/2019,548000
A00000149,3/31/2023,7/31/2018,842000
A00000251,12/31/2021,7/31/2019,780000
A00000303,5/31/2021,3/31/2020,1027000
A00000251,7/31/2022,7/31/2019,904000
A00001400,1/31/2022,6/30/2021,488000
A00000140,1/31/2023,6/30/2018,2174000
A00001550,5/31/2022,5/31/2022,12000
A00000261,11/30/2021,8/31/2019,417000
A00000346,5/31/2023,7/31/2020,32000
A00001515,4/30/2022,3/31/2022,9000
A00000355,1/31/2023,9/30/2020,10897000
A00000183,11/30/2022,12/31/2018,5286000
A00001477,5/31/2023,1/31/2022,6000
A00000244,8/31/2022,4/30/2019,2279000
A00000333,8/31/2022,4/30/2020,25000
A00001539,5/31/2022,4/30/2022,77000
A00000124,2/28/2023,1/31/2018,82000
A00000400,12/31/2022,3/31/2021,3070000
A00001445,5/31/2023,10/31/2021,6501000
A00000285,11/30/2022,11/30/2019,286000
A00000337,4/30/2022,6/30/2020,298000
A00000217,5/31/2022,4/30/2019,1135000
A00002393,4/30/2023,3/31/2023,28000
A00001437,6/30/2022,10/31/2021,4000
A00000413,10/31/2021,4/30/2021,3000
A00000285,7/31/2022,11/30/2019,297000
A00000039,1/31/2023,1/31/2018,5807000
A00000107,5/31/2023,1/31/2018,56000
A00000274,1/31/2023,10/31/2019,2936000
A00000390,9/30/2021,2/28/2021,21000
A00000244,10/31/2022,4/30/2019,5837000
A00001420,10/31/2022,8/31/2021,490000
A00000423,4/30/2022,5/31/2021,356000
A00000124,10/31/2021,1/31/2018,79000
A00000083,4/30/2023,3/31/2018,3000
A00000381,3/31/2021,1/31/2021,5000
A00001400,6/30/2021,6/30/2021,172000
A00000140,4/30/2022,6/30/2018,2866000
A00000377,12/31/2021,1/31/2021,2000
A00001456,7/31/2022,11/30/2021,6836000
A00001648,1/31/2023,10/31/2022,591000
A00000400,7/31/2021,3/31/2021,3474000
A00000196,2/28/2023,3/31/2019,317000
A00000378,10/31/2021,12/31/2020,2000
A00000382,2/28/2022,1/31/2021,341000
A00000405,8/31/2022,3/31/2021,71000
A00000390,4/30/2023,2/28/2021,6000
A00000407,11/30/2021,3/31/2021,176000
A00001566,4/30/2023,6/30/2022,56000
A00001452,5/31/2023,3/31/2022,149000
A00000162,12/31/2022,9/30/2018,133000
A00000337,3/31/2023,6/30/2020,36000
A00000150,1/31/2022,7/31/2018,604000
A00001415,12/31/2021,8/31/2021,4553000
A00001397,12/31/2022,5/31/2021,10000
A00000382,11/30/2021,1/31/2021,287000
A00000337,8/31/2022,6/30/2020,43000
A00000305,6/30/2021,7/31/2020,363000
A00001480,4/30/2023,1/31/2022,166000
A00000216,2/28/2023,10/31/2018,3266000
A00000251,6/30/2022,7/31/2019,921000
A00000327,4/30/2023,4/30/2020,32000
A00000259,3/31/2023,9/30/2019,47000
A00001437,1/31/2023,10/31/2021,12000
A00001547,10/31/2022,6/30/2022,2000
A00001432,3/31/2022,9/30/2021,1000
A00001420,12/31/2022,8/31/2021,455000
A00000346,2/28/2023,7/31/2020,85000
A00001415,1/31/2023,8/31/2021,637000
A00000354,8/31/2022,9/30/2020,319000
A00000379,9/30/2022,1/31/2021,52000
A00000162,4/30/2023,9/30/2018,35000
A00000400,10/31/2021,3/31/2021,2967000
A00000326,3/31/2021,4/30/2020,24000
A00000261,10/31/2021,8/31/2019,414000
A00000172,7/31/2022,8/31/2018,636000
A00000302,6/30/2022,2/29/2020,396000
A00000140,9/30/2022,6/30/2018,2304000
A00000399,4/30/2022,12/31/2021,8000
A00000400,7/31/2022,3/31/2021,4896000
A00000215,3/31/2023,2/28/2019,6131000
A00001397,5/31/2023,5/31/2021,5000
A00000316,10/31/2021,4/30/2020,328509000
A00001456,8/31/2022,11/30/2021,7566000
A00001477,1/31/2023,1/31/2022,6000
A00001420,7/31/2022,8/31/2021,326000
A00001416,11/30/2022,6/30/2021,2270000
A00000316,5/31/2023,4/30/2020,75215000
